"","Parcela","long_hoja"
"1","Parcela 1",11
"2","Parcela 1",17
"3","Parcela 1",16
"4","Parcela 1",14
"5","Parcela 1",23
"6","Parcela 1",16
"7","Parcela 1",16
"8","Parcela 1",9
"9","Parcela 1",16
"10","Parcela 1",11
"11","Parcela 1",6
"12","Parcela 1",11
"13","Parcela 1",5
"14","Parcela 1",5
"15","Parcela 1",4
"16","Parcela 1",6
"17","Parcela 1",16
"18","Parcela 1",4
"19","Parcela 1",7
"20","Parcela 1",6
"21","Parcela 1",14
"22","Parcela 1",13
"23","Parcela 1",16
"24","Parcela 1",15
"25","Parcela 1",16
"26","Parcela 1",23
"27","Parcela 1",8
"28","Parcela 1",6
"29","Parcela 1",18
"30","Parcela 1",16
"31","Parcela 1",10
"32","Parcela 1",15
"33","Parcela 1",20
"34","Parcela 1",18
"35","Parcela 1",12
"36","Parcela 1",14
"37","Parcela 1",17
"38","Parcela 1",14
"39","Parcela 1",16
"40","Parcela 1",15
"41","Parcela 1",17
"42","Parcela 1",14
"43","Parcela 1",17
"44","Parcela 1",14
"45","Parcela 1",16
"46","Parcela 1",15
"47","Parcela 1",17
"48","Parcela 1",14
"49","Parcela 1",17
"50","Parcela 1",23
"51","Parcela 1",20
"52","Parcela 1",8
"53","Parcela 1",21
"54","Parcela 1",14
"55","Parcela 1",14
"56","Parcela 1",24
"57","Parcela 1",20
"58","Parcela 1",15
"59","Parcela 1",13
"60","Parcela 1",19
"61","Parcela 1",19
"62","Parcela 1",23
"63","Parcela 1",11
"64","Parcela 1",9
"65","Parcela 1",11
"66","Parcela 1",21
"67","Parcela 1",17
"68","Parcela 1",13
"69","Parcela 1",12
"70","Parcela 1",23
"71","Parcela 1",7
"72","Parcela 1",18
"73","Parcela 1",15
"74","Parcela 1",20
"75","Parcela 1",14
"76","Parcela 1",15
"77","Parcela 1",20
"78","Parcela 1",16
"79","Parcela 1",18
"80","Parcela 1",10
"81","Parcela 1",18
"82","Parcela 1",14
"83","Parcela 1",8
"84","Parcela 1",13
"85","Parcela 1",19
"86","Parcela 1",9
"87","Parcela 1",24
"88","Parcela 1",28
"89","Parcela 1",14
"90","Parcela 1",17
"91","Parcela 1",9
"92","Parcela 1",10
"93","Parcela 1",14
"94","Parcela 1",17
"95","Parcela 1",18
"96","Parcela 1",15
"97","Parcela 1",21
"98","Parcela 1",18
"99","Parcela 1",20
"100","Parcela 1",16
"101","Parcela 1",17
"102","Parcela 1",14
"103","Parcela 1",18
"104","Parcela 1",13
"105","Parcela 1",23
"106","Parcela 1",15
"107","Parcela 1",13
"108","Parcela 1",14
"109","Parcela 1",16
"110","Parcela 1",13
"111","Parcela 1",20
"112","Parcela 1",11
"113","Parcela 1",16
"114","Parcela 1",18
"115","Parcela 1",18
"116","Parcela 1",16
"117","Parcela 1",12
"118","Parcela 1",16
"119","Parcela 1",12
"120","Parcela 1",19
"121","Parcela 1",11
"122","Parcela 1",13
"123","Parcela 1",18
"124","Parcela 1",17
"125","Parcela 1",22
"126","Parcela 1",20
"127","Parcela 1",11
"128","Parcela 1",23
"129","Parcela 1",18
"130","Parcela 1",13
"131","Parcela 1",21
"132","Parcela 1",21
"133","Parcela 1",19
"134","Parcela 1",17
"135","Parcela 1",18
"136","Parcela 1",10
"137","Parcela 1",17
"138","Parcela 1",15
"139","Parcela 1",21
"140","Parcela 1",22
"141","Parcela 1",16
"142","Parcela 1",16
"143","Parcela 1",13
"144","Parcela 1",18
"145","Parcela 1",17
"146","Parcela 1",20
"147","Parcela 1",23
"148","Parcela 1",17
"149","Parcela 1",20
"150","Parcela 1",22
"151","Parcela 1",14
"152","Parcela 1",19
"153","Parcela 1",24
"154","Parcela 2",14
"155","Parcela 2",21.8
"156","Parcela 2",24.3
"157","Parcela 2",23.5
"158","Parcela 2",25.8
"159","Parcela 2",18
"160","Parcela 2",23.2
"161","Parcela 2",21.6
"162","Parcela 2",21.6
"163","Parcela 2",24.5
"164","Parcela 2",24
"165","Parcela 2",21.7
"166","Parcela 2",22.4
"167","Parcela 2",15.5
"168","Parcela 2",19.2
"169","Parcela 2",21.5
"170","Parcela 2",17
"171","Parcela 2",15.5
"172","Parcela 2",16
"173","Parcela 2",15
"174","Parcela 2",20
"175","Parcela 2",20
"176","Parcela 2",12.5
"177","Parcela 2",16
"178","Parcela 2",20.5
"179","Parcela 2",20.5
"180","Parcela 2",19
"181","Parcela 2",19
"182","Parcela 2",31
"183","Parcela 2",31
"184","Parcela 2",29.3
"185","Parcela 2",31.1
"186","Parcela 2",23
"187","Parcela 2",20.5
"188","Parcela 2",30.5
"189","Parcela 2",31
"190","Parcela 2",19.2
"191","Parcela 2",20.5
"192","Parcela 2",20.5
"193","Parcela 2",25.6
"194","Parcela 2",20.2
"195","Parcela 2",17
"196","Parcela 2",18.5
"197","Parcela 2",26.5
"198","Parcela 2",25
"199","Parcela 2",27
"200","Parcela 2",24.5
"201","Parcela 2",28.8
"202","Parcela 2",23.5
"203","Parcela 2",28
"204","Parcela 2",24.2
"205","Parcela 2",26
"206","Parcela 2",17
"207","Parcela 2",20
"208","Parcela 2",15
"209","Parcela 2",10
"210","Parcela 2",13.5
"211","Parcela 2",13.6
"212","Parcela 2",19
"213","Parcela 2",17
"214","Parcela 2",18.6
"215","Parcela 2",20
"216","Parcela 2",15.8
"217","Parcela 2",26.5
"218","Parcela 2",22.5
"219","Parcela 2",24
"220","Parcela 2",29
"221","Parcela 2",25
"222","Parcela 2",32
"223","Parcela 2",27.5
"224","Parcela 2",14.5
"225","Parcela 2",22
"226","Parcela 2",22
"227","Parcela 2",24.5
"228","Parcela 2",20.5
"229","Parcela 2",21
"230","Parcela 2",16.5
"231","Parcela 2",30
"232","Parcela 2",26
"233","Parcela 2",21.3
"234","Parcela 2",16
"235","Parcela 2",20.3
"236","Parcela 2",25.2
"237","Parcela 2",18
"238","Parcela 2",29.5
"239","Parcela 2",31
"240","Parcela 2",32
"241","Parcela 2",29
"242","Parcela 2",27
"243","Parcela 2",17
"244","Parcela 2",18.2
"245","Parcela 2",26
"246","Parcela 2",27.5
"247","Parcela 2",20
"248","Parcela 2",24
"249","Parcela 2",16.6
"250","Parcela 2",21
"251","Parcela 2",20.2
"252","Parcela 2",23.5
"253","Parcela 2",29
"254","Parcela 2",22
"255","Parcela 2",27.3
"256","Parcela 2",27
"257","Parcela 2",21
"258","Parcela 2",18
"259","Parcela 2",26
"260","Parcela 2",23
"261","Parcela 2",21.5
"262","Parcela 2",27.5
"263","Parcela 2",25
"264","Parcela 2",24.2
"265","Parcela 2",22.5
"266","Parcela 2",10.5
"267","Parcela 2",12.5
"268","Parcela 2",14.5
"269","Parcela 2",21
"270","Parcela 2",22.5
"271","Parcela 2",22.4
"272","Parcela 2",24.5
"273","Parcela 2",22
