planta,ind,radio,reproductiva,flores,categoria
planta 1,112,2.2,no,0,1
planta 1,6,4.1,si,1,1
planta 1,4,4.3,si,3,1
planta 1,9,4.4,si,8,1
planta 1,10,5.1,no,0,1
planta 1,7,5.5,no,0,1
planta 1,8,5.5,no,0,1
planta 1,114,6.9,no,0,1
planta 1,32,7.4,no,0,1
planta 1,2,8.1,si,20,1
planta 1,108,8.1,no,0,1
planta 1,21,9.1,no,0,1
planta 1,38,9.1,no,0,1
planta 1,39,9.8,no,0,1
planta 1,3,10,no,0,1
planta 1,528,10.1,no,0,2
planta 1,34,10.2,no,0,2
planta 1,219,10.4,no,0,2
planta 1,261,10.5,no,0,2
planta 1,436,10.5,no,0,2
planta 1,328,10.6,no,0,2
planta 1,466,10.8,no,0,2
planta 1,526,10.8,no,0,2
planta 1,529,10.8,no,0,2
planta 1,447,10.9,no,0,2
planta 1,337,11,no,0,2
planta 1,229,11.2,no,0,2
planta 1,410,11.2,no,0,2
planta 1,487,11.2,no,0,2
planta 1,175,11.3,no,0,2
planta 1,468,11.4,no,0,2
planta 1,142,11.6,no,0,2
planta 1,504,11.6,no,0,2
planta 1,492,11.9,no,0,2
planta 1,398,12.1,no,0,2
planta 1,170,12.5,no,0,2
planta 1,31,12.7,no,0,2
planta 1,432,12.8,no,0,2
planta 1,399,12.9,si,2,2
planta 1,512,13,no,0,2
planta 1,513,13.29,no,0,2
planta 1,197,13.3,no,0,2
planta 1,363,13.3,no,0,2
planta 1,67,13.4,no,0,2
planta 1,37,13.6,no,0,2
planta 1,498,13.69,si,10,2
planta 1,497,13.9,no,0,2
planta 1,25,14.1,no,0,2
planta 1,191,14.2,no,0,2
planta 1,44,14.4,no,0,2
planta 1,225,14.4,no,0,2
planta 1,264,14.5,no,0,2
planta 1,482,14.5,no,0,2
planta 1,341,15.11,si,1,2
planta 1,499,15.4,no,0,2
planta 1,101,15.5,no,0,2
planta 1,378,15.7,no,0,2
planta 1,33,15.8,no,0,2
planta 1,469,15.82,no,0,2
planta 1,96,15.9,no,0,2
planta 1,445,16,no,0,2
planta 1,483,16.02,no,0,2
planta 1,184,16.1,no,0,2
planta 1,200,16.3,no,0,2
planta 1,94,16.4,no,0,2
planta 1,353,16.56,no,0,2
planta 1,412,16.6,no,0,2
planta 1,306,16.8,no,0,2
planta 1,213,16.9,no,0,2
planta 1,310,16.9,no,0,2
planta 1,464,16.9,no,0,2
planta 1,484,16.9,no,0,2
planta 1,106,17,no,0,2
planta 1,189,17.3,no,0,2
planta 1,227,17.3,no,0,2
planta 1,202,17.4,no,0,2
planta 1,450,17.4,no,0,2
planta 1,188,17.5,no,0,2
planta 1,511,17.5,no,0,2
planta 1,68,17.6,no,4,2
planta 1,192,17.6,no,0,2
planta 1,206,17.9,no,0,2
planta 1,83,18,no,0,2
planta 1,439,18,no,0,2
planta 1,27,18.1,no,0,2
planta 1,524,18.1,no,0,2
planta 1,53,18.2,no,0,2
planta 1,455,18.3,no,0,2
planta 1,1,18.4,si,12,2
planta 1,220,18.51,no,0,2
planta 1,375,19.1,no,0,2
planta 1,509,19.2,no,0,2
planta 1,23,19.4,no,0,2
planta 1,208,19.4,no,0,2
planta 1,407,19.79,no,0,2
planta 1,530,19.8,no,0,2
planta 1,57,19.9,no,0,2
planta 1,141,19.9,no,0,2
planta 1,150,19.9,no,0,2
planta 1,444,19.98,no,0,2
planta 1,222,20,no,0,2
planta 1,35,20.2,no,0,3
planta 1,356,20.35,no,0,3
planta 1,207,20.4,no,0,3
planta 1,283,20.4,no,0,3
planta 1,118,20.5,no,0,3
planta 1,36,20.6,no,0,3
planta 1,297,20.6,no,0,3
planta 1,30,20.7,no,0,3
planta 1,29,20.8,no,0,3
planta 1,521,21.2,no,0,3
planta 1,110,21.3,no,0,3
planta 1,223,21.3,si,2,3
planta 1,502,21.56,no,0,3
planta 1,165,21.8,no,0,3
planta 1,209,21.8,no,0,3
planta 1,296,21.8,si,6,3
planta 1,422,21.83,no,0,3
planta 1,167,21.9,no,0,3
planta 1,311,21.9,no,0,3
planta 1,367,21.9,no,0,3
planta 1,228,22.1,no,0,3
planta 1,92,22.2,si,2,3
planta 1,117,22.2,no,0,3
planta 1,20,22.3,no,0,3
planta 1,218,22.3,no,0,3
planta 1,11,22.6,si,35,3
planta 1,396,22.6,no,0,3
planta 1,519,22.6,no,0,3
planta 1,373,22.61,no,0,3
planta 1,506,22.9,no,0,3
planta 1,429,23,no,0,3
planta 1,74,23.1,no,0,3
planta 1,525,23.15,no,0,3
planta 1,508,23.2,no,0,3
planta 1,354,23.23,no,0,3
planta 1,43,23.3,no,0,3
planta 1,351,23.32,no,0,3
planta 1,325,23.4,no,0,3
planta 1,442,23.5,no,0,3
planta 1,186,24,no,0,3
planta 1,440,24,no,0,3
planta 1,474,24.01,si,1,3
planta 1,423,24.02,no,0,3
planta 1,52,24.1,no,0,3
planta 1,89,24.2,no,0,3
planta 1,120,24.2,no,0,3
planta 1,168,24.2,si,2,3
planta 1,215,24.2,no,0,3
planta 1,414,24.2,no,0,3
planta 1,162,24.4,no,0,3
planta 1,433,24.4,no,0,3
planta 1,140,24.7,no,0,3
planta 1,19,24.8,no,0,3
planta 1,178,24.8,no,0,3
planta 1,230,25,no,0,3
planta 1,395,25.09,si,10,3
planta 1,28,25.2,no,0,3
planta 1,286,25.2,no,0,3
planta 1,394,25.24,no,0,3
planta 1,24,25.3,no,0,3
planta 1,122,25.3,no,0,3
planta 1,5,25.5,si,2,3
planta 1,113,25.5,si,1,3
planta 1,134,25.8,si,4,3
planta 1,459,25.8,no,0,3
planta 1,523,25.81,no,0,3
planta 1,532,25.99,no,0,3
planta 1,131,26,si,3,3
planta 1,500,26,no,0,3
planta 1,166,26.08,no,0,3
planta 1,366,26.2,no,0,3
planta 1,139,26.5,no,0,3
planta 1,302,26.5,no,0,3
planta 1,460,26.77,no,0,3
planta 1,386,26.9,no,0,3
planta 1,269,27,si,6,3
planta 1,379,27,no,0,3
planta 1,443,27.05,no,0,3
planta 1,392,27.08,no,0,3
planta 1,477,27.08,no,0,3
planta 1,54,27.1,si,6,3
planta 1,143,27.3,no,0,3
planta 1,385,27.3,no,0,3
planta 1,180,27.4,no,0,3
planta 1,237,27.4,si,2,3
planta 1,127,27.7,si,1,3
planta 1,301,27.7,no,0,3
planta 1,479,27.78,no,0,3
planta 1,507,27.9,no,0,3
planta 1,331,28,no,0,3
planta 1,233,28.1,si,8,3
planta 1,79,28.2,no,0,3
planta 1,182,28.3,no,0,3
planta 1,425,28.3,si,1,3
planta 1,457,28.31,no,0,3
planta 1,434,28.4,no,0,3
planta 1,426,28.59,no,0,3
planta 1,362,28.6,no,0,3
planta 1,365,28.7,no,0,3
planta 1,527,29.1,no,0,3
planta 1,463,29.11,no,0,3
planta 1,82,29.2,no,0,3
planta 1,522,29.27,no,0,3
planta 1,417,29.38,no,0,3
planta 1,97,29.5,no,0,3
planta 1,104,29.5,no,0,3
planta 1,486,29.5,no,0,3
planta 1,281,29.6,no,0,3
planta 1,446,29.62,no,0,3
planta 1,119,29.8,no,0,3
planta 1,129,29.8,no,0,3
planta 1,272,29.8,no,0,3
planta 1,415,29.81,no,0,3
planta 1,22,29.9,no,0,3
planta 1,405,29.9,no,0,3
planta 1,18,30,no,0,3
planta 1,133,30.08,no,0,4
planta 1,62,30.1,no,0,4
planta 1,196,30.1,si,3,4
planta 1,250,30.1,si,6,4
planta 1,505,30.27,no,0,4
planta 1,248,30.4,no,0,4
planta 1,404,30.6,no,0,4
planta 1,159,30.7,no,0,4
planta 1,401,30.76,no,0,4
planta 1,391,31.04,no,0,4
planta 1,406,31.2,no,0,4
planta 1,277,31.4,no,0,4
planta 1,388,31.4,no,0,4
planta 1,60,31.5,no,0,4
planta 1,321,31.6,no,0,4
planta 1,26,31.7,si,1,4
planta 1,147,31.7,no,0,4
planta 1,235,31.8,si,3,4
planta 1,205,31.9,no,0,4
planta 1,146,32.2,si,2,4
planta 1,448,32.28,no,0,4
planta 1,461,32.29,no,0,4
planta 1,402,32.6,no,0,4
planta 1,355,33,no,0,4
planta 1,98,33.06,no,0,4
planta 1,47,33.1,no,0,4
planta 1,345,33.1,no,0,4
planta 1,88,33.2,no,0,4
planta 1,116,33.4,si,1,4
planta 1,285,33.6,no,0,4
planta 1,85,33.7,si,1,4
planta 1,111,33.7,no,7,4
planta 1,288,33.7,no,0,4
planta 1,427,33.7,no,0,4
planta 1,193,33.9,no,0,4
planta 1,254,34.01,si,1,4
planta 1,138,34.3,no,0,4
planta 1,424,34.35,no,0,4
planta 1,80,34.5,si,1,4
planta 1,471,34.57,no,0,4
planta 1,531,34.82,no,0,4
planta 1,73,34.9,no,0,4
planta 1,128,35,si,4,4
planta 1,303,35,no,0,4
planta 1,435,35,no,0,4
planta 1,515,35.02,no,0,4
planta 1,514,35.23,no,0,4
planta 1,326,35.7,no,0,4
planta 1,441,35.75,no,0,4
planta 1,454,35.75,no,0,4
planta 1,84,35.9,no,0,4
planta 1,87,35.9,no,0,4
planta 1,319,35.9,no,0,4
planta 1,409,35.9,si,2,4
planta 1,102,36,no,0,4
planta 1,173,36,no,0,4
planta 1,148,36.1,no,0,4
planta 1,160,36.1,no,0,4
planta 1,336,36.37,no,0,4
planta 1,93,36.6,si,1,4
planta 1,135,36.6,si,4,4
planta 1,236,36.6,si,10,4
planta 1,300,36.7,no,0,4
planta 1,419,36.7,no,0,4
planta 1,342,36.8,no,0,4
planta 1,298,36.9,no,0,4
planta 1,161,37,no,0,4
planta 1,95,37.5,no,0,4
planta 1,408,37.59,si,5,4
planta 1,56,37.7,no,0,4
planta 1,413,37.7,no,0,4
planta 1,13,37.8,no,0,4
planta 1,307,37.8,si,12,4
planta 1,71,37.9,si,8,4
planta 1,211,37.9,no,0,4
planta 1,49,38,si,4,4
planta 1,452,38.13,no,0,4
planta 1,137,38.6,no,0,4
planta 1,107,38.7,no,0,4
planta 1,121,38.8,no,0,4
planta 1,420,38.8,si,10,4
planta 1,470,38.8,si,7,4
planta 1,475,39.15,no,0,4
planta 1,266,39.2,no,0,4
planta 1,132,39.4,no,0,4
planta 1,510,39.6,no,0,4
planta 1,15,39.9,si,3,4
planta 1,212,40,si,0,4
planta 1,90,40.2,no,0,5
planta 1,495,40.2,si,121,5
planta 1,100,40.3,no,0,5
planta 1,400,40.6,no,0,5
planta 1,91,40.7,no,0,5
planta 1,411,40.72,no,0,5
planta 1,323,40.8,no,0,5
planta 1,333,41,no,0,5
planta 1,390,41.06,no,0,5
planta 1,124,41.2,no,0,5
planta 1,155,41.2,no,0,5
planta 1,381,41.3,no,0,5
planta 1,421,41.3,si,10,5
planta 1,364,41.5,no,0,5
planta 1,458,41.95,no,0,5
planta 1,360,42,no,0,5
planta 1,430,42,no,0,5
planta 1,221,42.5,no,0,5
planta 1,246,42.5,no,0,5
planta 1,322,42.68,no,0,5
planta 1,194,42.9,no,0,5
planta 1,291,42.9,no,0,5
planta 1,123,43.2,no,0,5
planta 1,304,43.2,no,0,5
planta 1,251,43.3,no,0,5
planta 1,126,43.5,si,4,5
planta 1,201,43.6,no,0,5
planta 1,284,43.8,no,0,5
planta 1,315,43.8,no,0,5
planta 1,518,43.85,no,0,5
planta 1,312,43.9,si,10,5
planta 1,377,44.21,si,1,5
planta 1,346,45,no,0,5
planta 1,338,45.14,no,0,5
planta 1,86,45.3,no,0,5
planta 1,481,45.37,no,0,5
planta 1,16,45.5,si,10,5
planta 1,453,45.63,no,0,5
planta 1,81,45.8,si,1,5
planta 1,65,45.9,si,4,5
planta 1,332,45.9,no,0,5
planta 1,176,46,no,0,5
planta 1,352,46,no,0,5
planta 1,157,46.1,si,6,5
planta 1,317,46.2,no,0,5
planta 1,270,46.3,si,5,5
planta 1,516,46.42,no,0,5
planta 1,340,46.54,si,1,5
planta 1,204,46.8,si,1,5
planta 1,260,46.9,si,4,5
planta 1,274,47,si,6,5
planta 1,40,47.3,no,0,5
planta 1,258,47.3,no,0,5
planta 1,203,47.4,si,2,5
planta 1,72,47.7,si,10,5
planta 1,195,47.7,si,2,5
planta 1,273,47.8,si,7,5
planta 1,376,48,no,0,5
planta 1,216,48.1,no,0,5
planta 1,368,48.1,no,0,5
planta 1,240,48.2,si,4,5
planta 1,144,48.3,si,2,5
planta 1,327,48.4,si,16,5
planta 1,343,48.5,no,0,5
planta 1,51,48.6,no,0,5
planta 1,77,48.6,no,0,5
planta 1,305,48.7,no,0,5
planta 1,217,48.8,no,0,5
planta 1,234,48.8,si,5,5
planta 1,163,48.89,no,0,5
planta 1,480,49.1,no,0,5
planta 1,467,49.3,si,3,5
planta 1,154,49.4,no,0,5
planta 1,371,49.49,no,0,5
planta 1,183,49.8,si,0,5
planta 1,503,49.8,si,1,5
planta 1,431,49.9,no,0,5
planta 1,382,50,no,0,5
planta 1,262,50.09,no,0,6
planta 1,238,50.2,si,5,6
planta 1,244,50.2,si,7,6
planta 1,109,50.7,si,10,6
planta 1,520,50.85,si,7,6
planta 1,491,50.95,si,1,6
planta 1,293,51.05,no,0,6
planta 1,190,51.2,si,3,6
planta 1,472,51.2,si,10,6
planta 1,198,51.3,si,4,6
planta 1,320,51.6,si,5,6
planta 1,279,51.8,si,12,6
planta 1,493,51.8,no,0,6
planta 1,428,51.87,no,0,6
planta 1,252,52.11,si,4,6
planta 1,241,52.2,si,12,6
planta 1,231,52.3,si,4,6
planta 1,397,52.3,no,0,6
planta 1,59,52.7,si,7,6
planta 1,17,52.9,no,0,6
planta 1,316,52.9,si,1,6
planta 1,369,52.98,no,0,6
planta 1,181,53.4,si,1,6
planta 1,50,53.9,si,6,6
planta 1,164,54.07,si,0,6
planta 1,177,54.1,si,0,6
planta 1,214,54.1,si,10,6
planta 1,496,54.1,si,15,6
planta 1,152,54.3,no,0,6
planta 1,314,54.6,si,0,6
planta 1,318,54.6,si,1,6
planta 1,289,54.7,no,0,6
planta 1,41,55,no,0,6
planta 1,145,55.09,si,5,6
planta 1,99,55.2,si,8,6
planta 1,456,55.2,si,6,6
planta 1,232,55.6,si,15,6
planta 1,344,56,no,0,6
planta 1,473,56,si,10,6
planta 1,76,56.1,si,10,6
planta 1,383,56.2,si,2,6
planta 1,48,56.6,si,12,6
planta 1,210,56.6,no,0,6
planta 1,199,56.7,si,10,6
planta 1,330,57.06,si,5,6
planta 1,387,57.09,no,0,6
planta 1,14,57.2,si,7,6
planta 1,294,57.3,si,1,6
planta 1,329,57.3,si,2,6
planta 1,224,57.8,si,9,6
planta 1,339,58,no,0,6
planta 1,105,58.1,si,20,6
planta 1,243,58.4,si,13,6
planta 1,63,58.8,si,20,6
planta 1,465,58.86,si,7,6
planta 1,172,59,no,0,6
planta 1,384,59,no,0,6
planta 1,416,59.61,no,0,6
planta 1,437,60.09,si,5,7
planta 1,130,61,no,0,7
planta 1,476,61.34,no,0,7
planta 1,61,61.5,si,10,7
planta 1,247,61.5,si,5,7
planta 1,280,61.5,si,10,7
planta 1,179,61.9,no,0,7
planta 1,299,61.9,si,7,7
planta 1,393,62.08,si,8,7
planta 1,517,62.15,no,0,7
planta 1,313,62.3,si,7,7
planta 1,334,62.45,si,20,7
planta 1,78,62.5,si,2,7
planta 1,292,62.5,si,6,7
planta 1,418,62.7,no,0,7
planta 1,438,63.3,si,15,7
planta 1,348,63.37,si,10,7
planta 1,488,63.68,si,10,7
planta 1,226,64,no,0,7
planta 1,46,64.4,si,4,7
planta 1,271,64.6,si,9,7
planta 1,151,65.5,si,10,7
planta 1,324,65.5,no,0,7
planta 1,494,65.5,si,15,7
planta 1,174,65.9,si,7,7
planta 1,309,66,no,0,7
planta 1,103,66.1,si,25,7
planta 1,275,66.4,si,4,7
planta 1,290,66.9,si,2,7
planta 1,359,67,no,0,7
planta 1,449,67,no,0,7
planta 1,389,67.02,no,0,7
planta 1,267,67.09,si,10,7
planta 1,58,67.1,no,0,7
planta 1,478,67.3,si,15,7
planta 1,276,67.4,si,7,7
planta 1,64,67.5,si,10,7
planta 1,187,67.7,si,10,7
planta 1,125,68,no,0,7
planta 1,158,68,si,7,7
planta 1,278,69.1,si,3,7
planta 1,42,69.8,no,0,7
planta 1,149,71,no,0,8
planta 1,380,71,no,0,8
planta 1,136,71.4,si,2,8
planta 1,153,71.5,no,0,8
planta 1,66,71.7,si,25,8
planta 1,185,71.8,si,5,8
planta 1,374,72,no,0,8
planta 1,462,72.75,no,0,8
planta 1,350,73,no,0,8
planta 1,282,73.4,si,7,8
planta 1,239,73.5,si,20,8
planta 1,259,73.5,si,7,8
planta 1,69,73.9,si,20,8
planta 1,70,74.1,si,10,8
planta 1,347,75,no,0,8
planta 1,358,75.1,si,20,8
planta 1,249,75.5,si,0,8
planta 1,265,75.9,si,4,8
planta 1,245,76.4,si,10,8
planta 1,169,76.5,si,5,8
planta 1,257,76.5,si,15,8
planta 1,115,76.9,si,10,8
planta 1,256,76.9,si,8,8
planta 1,255,77.7,si,8,8
planta 1,287,78.9,no,10,8
planta 1,268,79,si,3,8
planta 1,451,79,no,0,8
planta 1,335,80,no,0,8
planta 1,171,80.5,si,10,9
planta 1,489,80.7,si,10,9
planta 1,75,81.2,si,20,9
planta 1,12,81.35,no,0,9
planta 1,156,81.4,no,0,9
planta 1,253,82.02,si,7,9
planta 1,403,83.5,si,10,9
planta 1,263,84,no,0,9
planta 1,349,84,no,0,9
planta 1,55,85.5,si,25,9
planta 1,361,87,no,0,9
planta 1,372,87.8,si,20,9
planta 1,370,88.39,no,0,9
planta 1,295,88.4,si,5,9
planta 1,485,91,no,0,10
planta 1,308,91.2,si,10,10
planta 1,490,91.93,si,20,10
planta 1,501,93,no,0,10
planta 1,242,93.3,si,20,10
planta 1,357,96,no,0,10
planta 10,61,2.1,no,0,1
planta 10,179,3.5,no,0,1
planta 10,177,3.6,no,0,1
planta 10,43,4.3,no,0,1
planta 10,175,4.4,no,0,1
planta 10,60,4.5,no,0,1
planta 10,123,4.8,no,0,1
planta 10,58,4.9,no,0,1
planta 10,71,5,no,0,1
planta 10,59,5.2,no,0,1
planta 10,174,5.2,no,0,1
planta 10,18,5.4,no,0,1
planta 10,69,5.5,no,0,1
planta 10,98,5.6,no,0,1
planta 10,16,6,no,0,1
planta 10,108,6.1,no,0,1
planta 10,119,6.2,no,0,1
planta 10,42,6.3,no,0,1
planta 10,45,6.3,no,0,1
planta 10,30,6.4,no,0,1
planta 10,116,6.5,no,0,1
planta 10,102,6.6,no,0,1
planta 10,13,7,no,0,1
planta 10,35,7,no,0,1
planta 10,118,7,no,0,1
planta 10,107,7.15,no,0,1
planta 10,80,7.2,no,0,1
planta 10,114,7.2,no,0,1
planta 10,37,7.4,no,0,1
planta 10,33,7.5,no,0,1
planta 10,40,7.7,no,0,1
planta 10,17,7.8,no,0,1
planta 10,23,7.9,no,0,1
planta 10,27,8,no,0,1
planta 10,178,8.1,no,0,1
planta 10,112,8.2,no,0,1
planta 10,120,8.4,no,0,1
planta 10,32,8.5,no,0,1
planta 10,122,8.5,no,0,1
planta 10,127,8.6,no,0,1
planta 10,105,8.8,no,0,1
planta 10,20,9.1,no,0,1
planta 10,34,9.1,no,0,1
planta 10,68,9.1,no,0,1
planta 10,109,9.3,no,0,1
planta 10,38,9.6,no,0,1
planta 10,28,9.9,no,0,1
planta 10,57,10,no,0,1
planta 10,25,10.4,no,0,2
planta 10,110,10.5,no,0,2
planta 10,21,10.6,no,0,2
planta 10,129,10.6,no,0,2
planta 10,130,10.7,no,0,2
planta 10,181,11.1,no,0,2
planta 10,96,11.5,no,0,2
planta 10,93,11.6,no,0,2
planta 10,76,12,no,0,2
planta 10,159,12,no,0,2
planta 10,78,12.2,no,0,2
planta 10,14,12.7,no,0,2
planta 10,133,12.8,no,0,2
planta 10,92,13.3,no,0,2
planta 10,115,13.3,no,0,2
planta 10,67,13.5,no,0,2
planta 10,2,13.6,no,0,2
planta 10,19,13.7,no,0,2
planta 10,31,14,no,0,2
planta 10,65,14.5,si,1,2
planta 10,156,14.6,no,0,2
planta 10,47,15.4,no,0,2
planta 10,39,15.6,no,0,2
planta 10,77,15.6,no,0,2
planta 10,79,15.6,no,0,2
planta 10,53,15.7,no,0,2
planta 10,167,15.8,no,0,2
planta 10,104,16,no,0,2
planta 10,4,16.1,no,0,2
planta 10,149,16.2,no,0,2
planta 10,151,16.5,no,0,2
planta 10,90,16.7,no,0,2
planta 10,64,16.8,si,2,2
planta 10,157,16.8,no,0,2
planta 10,55,17,si,1,2
planta 10,132,17.1,no,0,2
planta 10,140,17.5,no,0,2
planta 10,126,17.6,no,0,2
planta 10,5,17.9,no,0,2
planta 10,101,17.9,no,0,2
planta 10,48,18.2,no,0,2
planta 10,3,18.3,no,0,2
planta 10,185,18.3,no,0,2
planta 10,72,18.4,si,1,2
planta 10,36,18.6,no,0,2
planta 10,162,18.6,no,0,2
planta 10,26,18.9,no,0,2
planta 10,41,19,no,0,2
planta 10,139,19,no,0,2
planta 10,6,19.1,no,0,2
planta 10,70,19.4,no,0,2
planta 10,164,19.4,no,0,2
planta 10,131,19.7,no,0,2
planta 10,95,19.9,no,0,2
planta 10,124,20.2,si,2,3
planta 10,74,20.4,no,0,3
planta 10,75,20.4,no,0,3
planta 10,73,20.5,no,0,3
planta 10,49,21.3,si,1,3
planta 10,103,21.5,no,0,3
planta 10,88,21.6,no,0,3
planta 10,125,21.8,no,0,3
planta 10,163,22,no,0,3
planta 10,50,22.2,no,0,3
planta 10,29,22.4,no,0,3
planta 10,168,22.5,no,0,3
planta 10,44,22.7,no,0,3
planta 10,87,23.1,no,0,3
planta 10,154,23.8,no,0,3
planta 10,99,24,no,0,3
planta 10,1,24.1,no,0,3
planta 10,10,24.2,no,0,3
planta 10,121,24.2,no,0,3
planta 10,24,24.3,si,2,3
planta 10,56,24.8,no,0,3
planta 10,100,24.8,no,0,3
planta 10,137,25,no,0,3
planta 10,180,25,no,0,3
planta 10,97,25.7,no,0,3
planta 10,66,26.4,si,7,3
planta 10,63,26.7,no,0,3
planta 10,128,27.4,no,0,3
planta 10,165,27.4,no,0,3
planta 10,11,27.5,si,2,3
planta 10,166,27.7,no,0,3
planta 10,8,27.8,no,0,3
planta 10,113,27.8,no,0,3
planta 10,150,28.1,no,0,3
planta 10,51,28.7,si,2,3
planta 10,94,29.2,no,0,3
planta 10,85,30,si,7,3
planta 10,82,30.11,si,6,4
planta 10,7,30.3,no,0,4
planta 10,170,30.3,si,2,4
planta 10,9,30.8,si,3,4
planta 10,22,30.8,si,11,4
planta 10,148,30.9,si,1,4
planta 10,184,31.9,no,0,4
planta 10,182,32.1,si,1,4
planta 10,160,32.2,no,0,4
planta 10,176,32.2,si,14,4
planta 10,15,32.4,si,10,4
planta 10,138,33,no,0,4
planta 10,147,33.3,si,13,4
planta 10,136,34.4,no,0,4
planta 10,86,35.6,no,0,4
planta 10,62,35.7,si,9,4
planta 10,111,35.9,no,0,4
planta 10,171,36.7,no,0,4
planta 10,12,37.4,si,7,4
planta 10,145,39.4,no,0,4
planta 10,169,39.9,si,13,4
planta 10,135,40.6,si,3,5
planta 10,84,40.7,si,2,5
planta 10,52,40.9,si,21,5
planta 10,54,41.1,si,2,5
planta 10,172,41.2,si,3,5
planta 10,142,41.8,si,18,5
planta 10,117,42,no,0,5
planta 10,183,43.13,si,3,5
planta 10,143,43.6,no,0,5
planta 10,152,45,si,4,5
planta 10,81,47.4,si,5,5
planta 10,83,47.4,si,1,5
planta 10,158,50.7,si,1,6
planta 10,146,53,si,14,6
planta 10,153,54.2,no,0,6
planta 10,91,55.6,no,0,6
planta 10,141,58.9,si,7,6
planta 10,46,59.4,si,2,6
planta 10,89,60.9,no,0,7
planta 10,134,64.4,si,1,7
planta 10,106,66.1,si,12,7
planta 10,155,66.6,si,5,7
planta 10,161,76.3,si,3,8
planta 10,144,77.1,si,5,8
planta 10,173,87.4,si,9,9
planta 11,62,2.06,no,0,1
planta 11,80,2.14,no,0,1
planta 11,85,2.23,no,0,1
planta 11,86,2.25,no,0,1
planta 11,82,2.34,no,0,1
planta 11,87,2.59,no,0,1
planta 11,89,2.68,no,0,1
planta 11,24,2.88,no,0,1
planta 11,88,3.51,no,0,1
planta 11,39,3.76,no,0,1
planta 11,90,3.9,no,0,1
planta 11,56,4.02,no,0,1
planta 11,77,4.29,no,0,1
planta 11,13,4.58,no,0,1
planta 11,8,4.64,no,0,1
planta 11,7,4.66,no,0,1
planta 11,64,4.78,no,0,1
planta 11,55,4.82,no,0,1
planta 11,70,4.85,no,0,1
planta 11,29,4.88,no,0,1
planta 11,47,5.06,no,0,1
planta 11,59,5.09,no,0,1
planta 11,68,5.14,no,0,1
planta 11,11,5.23,no,0,1
planta 11,51,5.3,no,0,1
planta 11,60,5.35,no,0,1
planta 11,42,5.44,no,0,1
planta 11,61,5.46,no,0,1
planta 11,4,5.49,no,0,1
planta 11,25,5.66,no,0,1
planta 11,31,6.14,no,0,1
planta 11,40,6.38,no,0,1
planta 11,48,6.69,no,0,1
planta 11,2,6.76,no,0,1
planta 11,76,6.9,no,0,1
planta 11,44,7.11,no,0,1
planta 11,23,7.12,no,0,1
planta 11,58,7.52,no,0,1
planta 11,81,7.56,no,0,1
planta 11,37,7.65,no,0,1
planta 11,36,8.06,no,0,1
planta 11,43,8.1,no,0,1
planta 11,65,8.13,no,0,1
planta 11,63,8.18,no,0,1
planta 11,45,8.3,no,0,1
planta 11,83,8.47,no,0,1
planta 11,41,8.96,no,0,1
planta 11,1,9.2,no,0,1
planta 11,30,9.51,no,0,1
planta 11,73,9.51,no,0,1
planta 11,49,9.69,no,0,1
planta 11,3,9.9,no,0,1
planta 11,57,9.98,no,0,1
planta 11,28,10.95,no,0,2
planta 11,50,11.4,no,0,2
planta 11,67,11.51,no,0,2
planta 11,38,11.65,no,0,2
planta 11,72,12.24,no,0,2
planta 11,22,12.27,no,0,2
planta 11,6,12.55,no,0,2
planta 11,15,13.22,no,0,2
planta 11,46,13.58,no,0,2
planta 11,26,13.67,no,0,2
planta 11,35,13.69,no,0,2
planta 11,79,13.73,no,0,2
planta 11,52,13.81,no,0,2
planta 11,16,13.84,no,0,2
planta 11,66,14.13,no,0,2
planta 11,9,14.28,no,0,2
planta 11,10,14.64,no,0,2
planta 11,71,14.92,no,0,2
planta 11,27,16.54,no,0,2
planta 11,53,16.85,no,0,2
planta 11,12,17.2,no,0,2
planta 11,75,17.24,no,0,2
planta 11,5,17.27,no,0,2
planta 11,74,17.27,no,0,2
planta 11,78,17.4,no,0,2
planta 11,14,17.51,no,0,2
planta 11,54,18.17,no,0,2
planta 11,32,18.3,no,0,2
planta 11,34,19.31,no,0,2
planta 11,84,20.05,si,1,3
planta 11,21,21.1,no,0,3
planta 11,18,26.8,si,4,3
planta 11,20,28.63,no,0,3
planta 11,17,33.34,si,3,4
planta 11,69,34.06,no,0,4
planta 11,33,34.29,no,0,4
planta 11,19,38.09,no,0,4
planta 12,1,2.7,no,0,1
planta 12,2,6.7,no,0,1
planta 12,3,6.7,no,0,1
planta 12,4,6.8,no,0,1
planta 12,5,7.7,no,0,1
planta 12,6,8.1,no,0,1
planta 12,7,8.3,no,0,1
planta 12,8,8.4,no,0,1
planta 12,9,9,no,0,1
planta 12,10,9,no,0,1
planta 12,11,9.4,no,0,1
planta 12,12,9.7,no,0,1
planta 12,13,10,no,0,1
planta 12,14,10.7,no,0,2
planta 12,15,11,no,0,2
planta 12,16,11.2,no,0,2
planta 12,17,11.5,no,0,2
planta 12,18,11.6,no,0,2
planta 12,19,11.6,no,0,2
planta 12,20,11.6,no,0,2
planta 12,21,11.6,no,0,2
planta 12,22,12.4,no,0,2
planta 12,23,12.5,no,0,2
planta 12,24,12.7,no,0,2
planta 12,25,12.9,no,0,2
planta 12,26,12.9,no,0,2
planta 12,27,13,no,0,2
planta 12,28,13,no,0,2
planta 12,29,13.1,no,0,2
planta 12,30,13.3,no,0,2
planta 12,31,13.4,no,0,2
planta 12,32,13.6,no,0,2
planta 12,33,13.8,no,0,2
planta 12,34,13.8,no,0,2
planta 12,35,14.9,no,0,2
planta 12,36,15,no,0,2
planta 12,37,15.2,no,0,2
planta 12,38,15.4,no,0,2
planta 12,39,15.9,no,0,2
planta 12,40,16.4,no,0,2
planta 12,41,16.5,no,0,2
planta 12,42,16.5,no,0,2
planta 12,43,16.5,no,0,2
planta 12,44,17,no,0,2
planta 12,45,17.1,no,0,2
planta 12,46,17.7,no,0,2
planta 12,47,17.9,no,0,2
planta 12,48,18,no,0,2
planta 12,49,18.1,no,0,2
planta 12,50,18.2,no,0,2
planta 12,51,18.5,no,0,2
planta 12,52,18.6,no,0,2
planta 12,53,18.8,no,0,2
planta 12,54,18.9,no,0,2
planta 12,55,19.1,no,0,2
planta 12,56,19.1,no,0,2
planta 12,57,19.2,no,0,2
planta 12,58,19.3,no,0,2
planta 12,59,19.5,no,0,2
planta 12,60,19.8,no,0,2
planta 12,61,19.8,no,0,2
planta 12,62,19.9,no,0,2
planta 12,63,20.1,no,0,3
planta 12,64,20.2,si,2,3
planta 12,65,20.4,no,0,3
planta 12,66,20.5,no,0,3
planta 12,67,20.8,no,0,3
planta 12,68,20.9,no,0,3
planta 12,69,20.9,no,0,3
planta 12,70,21.3,no,0,3
planta 12,71,21.5,no,0,3
planta 12,72,22,no,0,3
planta 12,73,22.2,no,0,3
planta 12,74,22.6,no,0,3
planta 12,75,22.7,no,0,3
planta 12,76,23.2,no,0,3
planta 12,77,23.2,no,0,3
planta 12,78,23.2,no,0,3
planta 12,79,23.4,no,0,3
planta 12,80,23.8,no,0,3
planta 12,81,24,no,0,3
planta 12,82,24.2,no,0,3
planta 12,83,24.3,no,0,3
planta 12,84,24.4,no,0,3
planta 12,85,24.4,no,0,3
planta 12,86,24.8,no,0,3
planta 12,87,24.9,no,0,3
planta 12,88,25,no,0,3
planta 12,89,25.1,no,0,3
planta 12,90,25.2,no,0,3
planta 12,91,25.2,no,0,3
planta 12,92,25.4,no,0,3
planta 12,93,25.5,no,0,3
planta 12,94,25.5,no,0,3
planta 12,95,25.8,si,1,3
planta 12,96,26.1,no,0,3
planta 12,97,26.1,no,0,3
planta 12,98,26.4,no,0,3
planta 12,99,26.9,no,0,3
planta 12,100,26.9,no,0,3
planta 12,101,27.1,no,0,3
planta 12,102,27.2,no,0,3
planta 12,103,27.6,no,0,3
planta 12,104,28,no,0,3
planta 12,105,28,no,0,3
planta 12,106,28.1,no,0,3
planta 12,107,28.1,no,0,3
planta 12,108,28.2,no,0,3
planta 12,109,28.5,no,0,3
planta 12,110,28.8,no,0,3
planta 12,111,29,no,0,3
planta 12,112,29,no,0,3
planta 12,113,29.1,no,0,3
planta 12,114,29.2,no,0,3
planta 12,115,29.3,no,0,3
planta 12,116,29.6,no,0,3
planta 12,117,30.3,si,2,4
planta 12,118,30.5,si,1,4
planta 12,119,30.6,no,0,4
planta 12,120,31.4,no,0,4
planta 12,121,31.8,no,0,4
planta 12,122,31.8,no,0,4
planta 12,123,32.2,no,0,4
planta 12,124,32.5,no,0,4
planta 12,125,32.9,no,0,4
planta 12,126,33,no,0,4
planta 12,127,33.3,no,0,4
planta 12,128,33.5,no,0,4
planta 12,129,33.5,no,0,4
planta 12,130,33.9,si,4,4
planta 12,131,33.9,no,0,4
planta 12,132,34.1,no,0,4
planta 12,133,34.2,no,0,4
planta 12,134,34.3,no,0,4
planta 12,135,34.9,no,0,4
planta 12,136,35.1,no,0,4
planta 12,137,35.3,si,2,4
planta 12,138,35.4,si,4,4
planta 12,139,35.9,no,0,4
planta 12,140,36,no,0,4
planta 12,141,36,no,0,4
planta 12,142,36.1,no,0,4
planta 12,143,36.6,no,0,4
planta 12,144,36.9,no,0,4
planta 12,145,37,no,0,4
planta 12,146,37.2,no,0,4
planta 12,147,37.2,no,0,4
planta 12,148,37.5,no,0,4
planta 12,149,37.5,no,0,4
planta 12,150,38,no,0,4
planta 12,151,38.4,no,0,4
planta 12,152,38.6,no,0,4
planta 12,153,39.2,si,4,4
planta 12,154,39.2,si,2,4
planta 12,155,40.9,no,0,5
planta 12,156,41.3,no,0,5
planta 12,157,41.8,no,0,5
planta 12,158,42.6,no,0,5
planta 12,159,42.7,si,4,5
planta 12,160,43.6,si,2,5
planta 12,161,43.7,si,2,5
planta 12,162,43.8,no,0,5
planta 12,163,44.9,si,4,5
planta 12,164,45.6,si,4,5
planta 12,165,45.7,si,8,5
planta 12,166,46,no,0,5
planta 12,167,46.3,si,6,5
planta 12,168,47.9,si,4,5
planta 12,169,48,si,6,5
planta 12,170,48.7,no,0,5
planta 12,171,49.1,no,0,5
planta 12,172,49.2,si,4,5
planta 12,173,49.3,si,6,5
planta 12,174,49.3,no,0,5
planta 12,175,49.3,si,4,5
planta 12,176,50.3,no,0,6
planta 12,177,50.9,si,6,6
planta 12,178,51.5,si,8,6
planta 12,179,52,no,0,6
planta 12,180,52,si,6,6
planta 12,181,52.3,si,6,6
planta 12,182,52.4,si,6,6
planta 12,183,52.4,si,2,6
planta 12,184,53.4,si,8,6
planta 12,185,54.1,no,0,6
planta 12,186,54.5,no,0,6
planta 12,187,54.9,si,6,6
planta 12,188,55.4,si,6,6
planta 12,189,56.6,no,0,6
planta 12,190,56.9,si,2,6
planta 12,191,56.9,si,6,6
planta 12,192,57.4,si,6,6
planta 12,193,57.7,si,6,6
planta 12,194,58.9,no,0,6
planta 12,195,59.6,si,10,6
planta 12,196,61,si,8,7
planta 12,197,61.1,si,4,7
planta 12,198,61.1,no,0,7
planta 12,199,61.2,si,6,7
planta 12,200,61.6,si,6,7
planta 12,201,62.5,si,2,7
planta 12,202,62.8,si,4,7
planta 12,203,64.4,si,6,7
planta 12,204,65.7,si,6,7
planta 12,205,66.1,si,4,7
planta 12,206,67.5,si,6,7
planta 12,207,68.8,si,12,7
planta 12,208,69.2,si,8,7
planta 12,209,70.6,si,4,8
planta 12,210,70.9,si,12,8
planta 12,211,72.2,si,8,8
planta 12,212,72.6,si,12,8
planta 12,213,74.7,si,2,8
planta 12,214,75.1,si,4,8
planta 12,215,75.3,si,4,8
planta 12,216,75.6,si,8,8
planta 12,217,76.5,si,8,8
planta 12,218,92.1,si,6,10
planta 12,219,96.5,si,18,10
planta 12,220,101.2,si,8,10
planta 13,12,10.3,no,0,2
planta 13,40,10.8,no,0,2
planta 13,5,11.3,no,0,2
planta 13,32,11.6,no,0,2
planta 13,43,11.8,no,0,2
planta 13,31,13.53,no,0,2
planta 13,41,13.7,no,0,2
planta 13,10,14.1,no,0,2
planta 13,42,15.7,no,0,2
planta 13,14,16.9,no,0,2
planta 13,30,17,no,0,2
planta 13,19,18.1,no,0,2
planta 13,33,18.28,no,0,2
planta 13,21,19.7,no,0,2
planta 13,25,20.43,no,0,3
planta 13,13,20.97,no,0,3
planta 13,35,23.61,no,0,3
planta 13,16,23.96,no,0,3
planta 13,3,24.26,no,0,3
planta 13,23,24.6,no,0,3
planta 13,27,24.86,no,0,3
planta 13,45,25.2,no,0,3
planta 13,7,25.8,no,0,3
planta 13,28,25.9,no,0,3
planta 13,38,27.2,no,0,3
planta 13,15,29.16,no,0,3
planta 13,11,29.38,no,0,3
planta 13,44,29.5,no,0,3
planta 13,29,30.23,no,0,4
planta 13,1,30.51,no,0,4
planta 13,18,32.12,no,0,4
planta 13,17,32.3,no,0,4
planta 13,37,38.65,no,0,4
planta 13,8,38.86,no,0,4
planta 13,24,39.82,no,0,4
planta 13,9,40.7,no,0,5
planta 13,22,45.78,no,0,5
planta 13,39,49.26,no,0,5
planta 13,26,49.7,no,0,5
planta 13,20,52.51,no,0,6
planta 13,4,55.13,no,0,6
planta 13,2,62.7,si,5,7
planta 13,36,66,no,0,7
planta 13,6,76.2,no,0,8
planta 13,34,89,no,0,9
planta 13,46,95.3,no,0,10
planta 14,74,2.33,no,0,1
planta 14,88,2.56,no,0,1
planta 14,89,2.6,no,0,1
planta 14,42,3.01,no,0,1
planta 14,49,3.63,no,0,1
planta 14,90,3.71,no,0,1
planta 14,86,4.14,no,0,1
planta 14,80,4.36,no,0,1
planta 14,66,4.41,no,0,1
planta 14,70,4.61,no,0,1
planta 14,29,4.77,no,0,1
planta 14,87,4.93,no,0,1
planta 14,68,5.72,no,0,1
planta 14,85,5.79,no,0,1
planta 14,79,6.11,no,0,1
planta 14,18,6.31,no,0,1
planta 14,19,6.54,no,0,1
planta 14,39,6.67,no,0,1
planta 14,41,6.69,no,0,1
planta 14,84,6.85,no,0,1
planta 14,64,6.89,no,0,1
planta 14,10,7.07,no,0,1
planta 14,75,7.36,no,0,1
planta 14,59,7.79,no,0,1
planta 14,67,8.2,no,0,1
planta 14,73,8.37,no,0,1
planta 14,16,8.42,no,0,1
planta 14,52,8.6,no,0,1
planta 14,65,8.88,no,0,1
planta 14,46,9.13,no,0,1
planta 14,38,9.31,no,0,1
planta 14,81,9.38,no,0,1
planta 14,17,9.4,no,0,1
planta 14,82,9.76,no,0,1
planta 14,77,9.8,no,0,1
planta 14,72,10.09,no,0,2
planta 14,47,10.89,no,0,2
planta 14,14,11,no,0,2
planta 14,45,11.38,no,0,2
planta 14,23,11.45,no,0,2
planta 14,78,11.45,no,0,2
planta 14,20,11.67,no,0,2
planta 14,71,11.89,no,0,2
planta 14,50,12.46,no,0,2
planta 14,9,13.9,no,0,2
planta 14,36,13.92,no,0,2
planta 14,25,14.01,si,2,2
planta 14,76,14.41,no,0,2
planta 14,69,14.82,no,0,2
planta 14,7,15.21,no,0,2
planta 14,28,15.44,no,0,2
planta 14,22,16.28,no,0,2
planta 14,37,16.99,no,0,2
planta 14,21,17.05,no,0,2
planta 14,26,17.32,no,0,2
planta 14,51,17.69,no,0,2
planta 14,24,17.94,no,0,2
planta 14,3,18.34,no,0,2
planta 14,62,18.74,no,0,2
planta 14,40,19.28,no,0,2
planta 14,11,19.3,no,0,2
planta 14,2,19.33,no,0,2
planta 14,63,19.37,no,0,2
planta 14,43,19.45,no,0,2
planta 14,12,19.5,no,0,2
planta 14,27,21.1,si,5,3
planta 14,83,21.16,no,0,3
planta 14,60,21.3,no,0,3
planta 14,4,22.35,no,0,3
planta 14,34,23.69,no,0,3
planta 14,57,24.64,si,1,3
planta 14,61,24.65,no,0,3
planta 14,53,25.1,si,2,3
planta 14,13,25.44,no,0,3
planta 14,33,27.06,si,3,3
planta 14,58,29.46,no,0,3
planta 14,8,30.89,no,0,4
planta 14,32,31.97,si,10,4
planta 14,1,34.66,no,0,4
planta 14,48,37.67,si,8,4
planta 14,35,38.3,si,11,4
planta 14,55,39.13,si,6,4
planta 14,56,40.7,si,8,5
planta 14,54,41.08,si,6,5
planta 14,6,41.25,si,2,5
planta 14,31,42.9,no,0,5
planta 14,44,43.13,si,5,5
planta 14,30,47.26,si,15,5
planta 14,5,55.79,si,3,6
planta 14,15,64.92,si,3,7
planta 15,9,13,no,0,2
planta 15,6,13.2,no,0,2
planta 15,8,14.25,no,0,2
planta 15,3,14.8,no,0,2
planta 15,1,15.1,no,0,2
planta 15,11,19.7,no,0,2
planta 15,7,20.6,no,0,3
planta 15,10,22.5,no,0,3
planta 15,4,24.5,no,0,3
planta 15,5,53,no,0,6
planta 15,2,76,no,0,8
planta 16,17,10.8,no,0,2
planta 16,5,12.5,no,0,2
planta 16,34,13,no,0,2
planta 16,19,13.92,no,0,2
planta 16,44,14.1,no,0,2
planta 16,42,14.64,no,0,2
planta 16,36,15.13,no,0,2
planta 16,12,16.06,no,0,2
planta 16,20,17.1,no,0,2
planta 16,11,17.6,si,1,2
planta 16,23,18.36,si,3,2
planta 16,10,18.86,no,0,2
planta 16,41,20.4,no,0,3
planta 16,31,20.6,no,0,3
planta 16,28,20.8,si,8,3
planta 16,9,22,no,0,3
planta 16,21,22.05,si,5,3
planta 16,15,23.14,no,0,3
planta 16,14,23.6,si,4,3
planta 16,1,24.68,no,0,3
planta 16,39,25.43,no,0,3
planta 16,16,25.67,no,0,3
planta 16,32,26.2,no,0,3
planta 16,35,26.23,no,0,3
planta 16,18,26.5,no,0,3
planta 16,43,27.22,no,0,3
planta 16,29,27.5,si,7,3
planta 16,2,27.76,no,0,3
planta 16,13,28.61,no,0,3
planta 16,4,30.44,no,0,4
planta 16,3,30.8,no,0,4
planta 16,22,31.08,no,0,4
planta 16,24,32.33,no,0,4
planta 16,38,33.9,no,0,4
planta 16,37,36.3,no,0,4
planta 16,40,37.4,no,0,4
planta 16,7,37.9,no,0,4
planta 16,30,38.6,si,6,4
planta 16,6,38.8,si,5,4
planta 16,8,38.97,si,2,4
planta 16,26,39.4,si,6,4
planta 16,27,40.63,si,1,5
planta 16,33,48.09,si,2,5
planta 16,45,49.87,no,0,5
planta 16,25,66.83,si,4,7
planta 16,47,72,no,0,8
planta 16,46,83,no,0,9
planta 17,118,2.54,no,0,1
planta 17,117,2.9,no,0,1
planta 17,22,3.33,no,0,1
planta 17,7,3.82,no,0,1
planta 17,166,3.83,no,0,1
planta 17,176,3.87,no,0,1
planta 17,119,4,no,0,1
planta 17,155,4.19,no,0,1
planta 17,20,4.24,no,0,1
planta 17,6,4.33,no,0,1
planta 17,168,4.33,no,0,1
planta 17,18,4.9,no,0,1
planta 17,17,5.22,no,0,1
planta 17,111,5.31,no,0,1
planta 17,13,5.34,no,0,1
planta 17,167,5.34,no,0,1
planta 17,120,5.62,no,0,1
planta 17,103,5.82,no,0,1
planta 17,157,5.89,no,0,1
planta 17,175,6.01,no,0,1
planta 17,98,6.06,no,0,1
planta 17,140,6.28,no,0,1
planta 17,152,6.29,no,0,1
planta 17,25,6.68,no,0,1
planta 17,112,7.05,no,0,1
planta 17,170,7.36,no,0,1
planta 17,102,7.94,no,0,1
planta 17,70,8.75,no,0,1
planta 17,116,8.82,no,0,1
planta 17,26,8.94,no,0,1
planta 17,2,9.03,no,0,1
planta 17,129,9.14,no,0,1
planta 17,130,9.23,no,0,1
planta 17,100,9.25,no,0,1
planta 17,105,9.3,no,0,1
planta 17,41,9.36,no,0,1
planta 17,172,9.36,no,0,1
planta 17,96,9.71,no,0,1
planta 17,104,9.8,no,0,1
planta 17,60,9.92,no,0,1
planta 17,101,9.92,no,0,1
planta 17,12,9.96,no,0,1
planta 17,24,10.12,no,0,2
planta 17,21,10.27,no,0,2
planta 17,73,10.52,no,0,2
planta 17,163,10.66,no,0,2
planta 17,164,10.67,no,0,2
planta 17,143,10.72,no,0,2
planta 17,77,10.91,no,0,2
planta 17,3,11,no,0,2
planta 17,134,11.09,no,0,2
planta 17,15,11.13,no,0,2
planta 17,82,11.3,no,0,2
planta 17,114,11.4,no,0,2
planta 17,94,12.08,no,0,2
planta 17,56,12.24,no,0,2
planta 17,162,12.24,no,0,2
planta 17,93,12.34,no,0,2
planta 17,174,12.64,no,0,2
planta 17,5,12.82,no,0,2
planta 17,1,13.15,no,0,2
planta 17,33,13.25,no,0,2
planta 17,38,13.35,no,0,2
planta 17,113,13.36,no,0,2
planta 17,16,13.45,no,0,2
planta 17,144,13.54,no,0,2
planta 17,23,13.77,no,0,2
planta 17,34,13.8,no,0,2
planta 17,37,14.26,no,0,2
planta 17,42,14.67,no,0,2
planta 17,110,14.83,no,0,2
planta 17,169,14.97,no,0,2
planta 17,11,15.12,no,0,2
planta 17,40,15.2,no,0,2
planta 17,50,15.22,si,4,2
planta 17,58,15.4,no,0,2
planta 17,151,15.42,no,0,2
planta 17,147,15.59,no,0,2
planta 17,88,15.65,no,0,2
planta 17,149,15.72,no,0,2
planta 17,165,16.11,no,0,2
planta 17,109,16.41,no,0,2
planta 17,92,16.43,no,0,2
planta 17,10,16.57,no,0,2
planta 17,124,16.75,no,0,2
planta 17,39,16.78,no,0,2
planta 17,31,16.83,no,0,2
planta 17,27,17.01,no,0,2
planta 17,62,17.41,no,0,2
planta 17,135,17.44,no,0,2
planta 17,67,17.5,si,5,2
planta 17,173,17.57,no,0,2
planta 17,68,17.63,no,0,2
planta 17,87,18.14,no,0,2
planta 17,19,18.25,no,0,2
planta 17,128,18.34,no,0,2
planta 17,161,19.35,no,0,2
planta 17,171,19.63,no,0,2
planta 17,80,20.06,si,1,3
planta 17,4,20.26,no,0,3
planta 17,141,20.38,no,0,3
planta 17,8,20.63,no,0,3
planta 17,65,20.79,no,0,3
planta 17,138,21.74,no,0,3
planta 17,83,22.07,no,0,3
planta 17,150,22.35,no,0,3
planta 17,145,23.47,no,0,3
planta 17,44,23.66,no,0,3
planta 17,146,23.93,no,0,3
planta 17,84,24.15,no,0,3
planta 17,158,24.34,no,0,3
planta 17,64,24.65,no,0,3
planta 17,61,25.3,no,0,3
planta 17,160,25.5,no,0,3
planta 17,95,26.25,si,4,3
planta 17,55,26.3,si,3,3
planta 17,52,26.8,no,0,3
planta 17,115,26.86,no,0,3
planta 17,47,26.92,si,4,3
planta 17,14,26.94,no,0,3
planta 17,54,27.6,no,0,3
planta 17,106,28.33,no,0,3
planta 17,30,28.5,si,1,3
planta 17,89,28.69,no,0,3
planta 17,139,29.08,si,2,3
planta 17,76,29.91,si,6,3
planta 17,90,29.97,no,0,3
planta 17,29,30.16,si,6,4
planta 17,107,30.39,no,0,4
planta 17,159,31.2,no,0,4
planta 17,136,31.76,no,0,4
planta 17,36,32,no,0,4
planta 17,86,32.54,no,0,4
planta 17,125,33.44,no,0,4
planta 17,156,33.51,no,0,4
planta 17,71,33.56,si,4,4
planta 17,53,33.64,si,6,4
planta 17,9,33.95,no,0,4
planta 17,153,34.44,no,0,4
planta 17,121,36.99,no,0,4
planta 17,127,37.86,no,0,4
planta 17,45,38.43,no,0,4
planta 17,108,39.16,no,0,4
planta 17,28,39.24,no,0,4
planta 17,72,39.66,si,6,4
planta 17,32,40.06,si,4,5
planta 17,43,40.13,si,2,5
planta 17,133,40.31,si,4,5
planta 17,148,40.76,si,4,5
planta 17,91,42.14,si,4,5
planta 17,142,43.15,si,6,5
planta 17,35,43.27,no,0,5
planta 17,66,43.64,no,0,5
planta 17,99,43.69,si,6,5
planta 17,75,44.2,no,0,5
planta 17,85,44.2,si,2,5
planta 17,69,45.22,si,8,5
planta 17,74,45.23,si,8,5
planta 17,51,45.4,no,0,5
planta 17,49,46.17,si,8,5
planta 17,137,49.79,si,4,5
planta 17,123,49.8,si,6,5
planta 17,122,51.41,si,4,6
planta 17,59,54.51,si,8,6
planta 17,132,56.84,si,4,6
planta 17,78,57.2,si,2,6
planta 17,46,59.56,si,6,6
planta 17,154,59.8,si,12,6
planta 17,57,59.9,no,0,6
planta 17,131,61.02,si,10,7
planta 17,48,61.66,si,6,7
planta 17,97,62.85,si,7,7
planta 17,63,63.14,si,4,7
planta 17,126,67.48,si,6,7
planta 17,79,69.03,si,6,7
planta 17,81,73.82,si,6,8
planta 18,45,10.1,no,0,2
planta 18,46,10.3,no,0,2
planta 18,61,10.6,no,0,2
planta 18,25,12,no,0,2
planta 18,7,14,no,0,2
planta 18,47,14.2,no,0,2
planta 18,58,15,no,0,2
planta 18,62,16.4,no,0,2
planta 18,49,17.6,no,0,2
planta 18,60,19,no,0,2
planta 18,38,20.9,no,0,3
planta 18,54,21.2,no,0,3
planta 18,53,22.2,no,0,3
planta 18,59,22.5,no,0,3
planta 18,52,24.8,no,0,3
planta 18,6,25,no,0,3
planta 18,3,25.1,si,3,3
planta 18,51,26.6,no,0,3
planta 18,29,29.1,si,4,3
planta 18,24,29.9,no,0,3
planta 18,20,30,no,0,3
planta 18,5,31.6,no,0,4
planta 18,40,31.8,no,0,4
planta 18,56,31.8,si,1,4
planta 18,48,32.5,no,0,4
planta 18,57,35.2,si,1,4
planta 18,36,35.5,no,0,4
planta 18,35,36.1,no,0,4
planta 18,41,36.8,no,0,4
planta 18,11,37.3,no,0,4
planta 18,1,37.5,no,0,4
planta 18,22,37.5,si,2,4
planta 18,23,38,si,3,4
planta 18,39,38.6,no,0,4
planta 18,31,38.8,si,1,4
planta 18,43,39.4,no,0,4
planta 18,15,39.5,no,0,4
planta 18,44,39.5,no,0,4
planta 18,37,40.7,no,0,5
planta 18,18,41.2,no,0,5
planta 18,55,42.5,no,0,5
planta 18,42,43.1,si,1,5
planta 18,14,43.5,no,0,5
planta 18,2,45.5,no,0,5
planta 18,28,46.2,si,3,5
planta 18,13,46.5,no,0,5
planta 18,10,46.9,no,0,5
planta 18,32,47.8,no,0,5
planta 18,27,48,si,2,5
planta 18,30,48.3,si,13,5
planta 18,33,49.2,no,0,5
planta 18,4,50.1,si,6,6
planta 18,12,50.8,si,5,6
planta 18,21,51.7,no,0,6
planta 18,50,53,no,0,6
planta 18,16,55.2,no,0,6
planta 18,26,56.4,si,2,6
planta 18,8,57.2,no,0,6
planta 18,17,59.8,si,11,6
planta 18,34,66.3,no,0,7
planta 18,19,81.9,si,18,9
planta 18,9,95.1,si,8,10
planta 2,13,5.97,no,0,1
planta 2,20,6.41,no,0,1
planta 2,16,6.82,no,0,1
planta 2,23,6.94,no,0,1
planta 2,25,8.07,no,0,1
planta 2,18,8.35,no,0,1
planta 2,19,8.35,no,0,1
planta 2,17,10.49,no,0,2
planta 2,10,11.38,no,0,2
planta 2,26,12.24,no,0,2
planta 2,21,13.16,no,0,2
planta 2,1,13.59,no,0,2
planta 2,11,16.09,no,0,2
planta 2,29,16.57,no,0,2
planta 2,32,23.05,no,0,3
planta 2,31,25.04,no,0,3
planta 2,30,26.4,no,0,3
planta 2,24,26.74,no,0,3
planta 2,33,27.46,no,0,3
planta 2,27,28.1,si,1,3
planta 2,7,29.14,si,1,3
planta 2,5,31.22,si,1,4
planta 2,12,32,no,0,4
planta 2,14,32.61,si,1,4
planta 2,2,32.76,no,0,4
planta 2,3,32.79,no,0,4
planta 2,9,35.25,si,1,4
planta 2,8,36.22,no,0,4
planta 2,6,39.57,si,2,4
planta 2,28,41.44,no,0,5
planta 2,15,42.28,no,0,5
planta 2,22,46.54,no,0,5
planta 2,4,58.55,si,4,6
planta 3,1,12.7,no,0,2
planta 3,2,12.9,no,0,2
planta 3,3,13,no,0,2
planta 3,4,13.1,no,0,2
planta 3,5,13.1,no,0,2
planta 3,6,13.2,no,0,2
planta 3,7,13.3,no,0,2
planta 3,8,13.4,no,0,2
planta 3,9,13.4,no,0,2
planta 3,10,13.7,no,0,2
planta 3,11,13.9,no,0,2
planta 3,12,14,no,0,2
planta 3,13,14.3,no,0,2
planta 3,14,14.6,no,0,2
planta 3,15,14.6,no,0,2
planta 3,16,14.7,no,0,2
planta 3,17,14.7,no,0,2
planta 3,18,14.7,no,0,2
planta 3,19,15.1,no,0,2
planta 3,20,15.2,no,0,2
planta 3,21,15.2,no,0,2
planta 3,22,15.4,no,0,2
planta 3,23,15.4,no,0,2
planta 3,24,15.7,no,0,2
planta 3,25,15.8,no,0,2
planta 3,26,16,no,0,2
planta 3,27,16.3,no,0,2
planta 3,28,16.5,no,0,2
planta 3,29,16.7,no,0,2
planta 3,30,16.9,no,0,2
planta 3,31,16.9,no,0,2
planta 3,32,17,no,0,2
planta 3,33,17.1,no,0,2
planta 3,34,17.2,no,0,2
planta 3,35,17.2,no,0,2
planta 3,36,17.2,no,0,2
planta 3,37,17.6,no,0,2
planta 3,38,17.6,no,0,2
planta 3,39,17.6,no,0,2
planta 3,40,17.9,no,0,2
planta 3,41,18.1,no,0,2
planta 3,42,18.4,no,0,2
planta 3,43,18.7,no,0,2
planta 3,44,19.1,no,0,2
planta 3,45,19.2,no,0,2
planta 3,46,19.4,no,0,2
planta 3,47,19.5,no,0,2
planta 3,48,19.7,no,0,2
planta 3,49,19.9,no,0,2
planta 3,50,19.9,no,0,2
planta 3,51,20.1,no,0,3
planta 3,52,20.3,no,0,3
planta 3,53,20.4,no,0,3
planta 3,54,20.4,no,0,3
planta 3,55,21,no,0,3
planta 3,56,21.5,no,0,3
planta 3,57,21.5,no,0,3
planta 3,58,21.6,no,0,3
planta 3,59,21.6,no,0,3
planta 3,60,21.9,no,0,3
planta 3,61,21.9,no,0,3
planta 3,62,22,no,0,3
planta 3,63,22.3,no,0,3
planta 3,64,22.3,no,0,3
planta 3,65,22.8,no,0,3
planta 3,66,22.8,no,0,3
planta 3,67,23,no,0,3
planta 3,68,23.1,no,0,3
planta 3,69,23.1,no,0,3
planta 3,70,23.3,no,0,3
planta 3,71,23.3,no,0,3
planta 3,72,23.5,no,0,3
planta 3,73,23.5,no,0,3
planta 3,74,23.5,no,0,3
planta 3,75,23.7,no,0,3
planta 3,76,24.4,no,0,3
planta 3,77,24.5,no,0,3
planta 3,78,24.6,no,0,3
planta 3,79,25.3,no,0,3
planta 3,80,25.3,no,0,3
planta 3,81,25.4,si,2,3
planta 3,82,25.5,no,0,3
planta 3,83,25.6,no,0,3
planta 3,84,25.6,no,0,3
planta 3,85,26,no,0,3
planta 3,86,26,no,0,3
planta 3,87,26.1,no,0,3
planta 3,88,26.3,no,0,3
planta 3,89,26.4,no,0,3
planta 3,90,27,no,0,3
planta 3,91,27.3,no,0,3
planta 3,92,27.4,no,0,3
planta 3,93,27.4,no,0,3
planta 3,94,27.9,si,2,3
planta 3,95,28.1,no,0,3
planta 3,96,28.1,no,0,3
planta 3,97,28.2,si,4,3
planta 3,98,28.2,si,2,3
planta 3,99,28.3,no,0,3
planta 3,100,28.5,si,2,3
planta 3,101,28.6,si,4,3
planta 3,102,28.6,si,2,3
planta 3,103,28.9,no,0,3
planta 3,104,28.9,si,2,3
planta 3,105,28.9,si,4,3
planta 3,106,29.1,no,0,3
planta 3,107,30.2,no,0,4
planta 3,108,30.2,no,0,4
planta 3,109,30.3,no,0,4
planta 3,110,30.3,no,0,4
planta 3,111,30.4,no,0,4
planta 3,112,30.5,no,0,4
planta 3,113,30.6,no,0,4
planta 3,114,30.6,no,0,4
planta 3,115,30.7,si,2,4
planta 3,116,31.6,si,1,4
planta 3,117,31.9,no,0,4
planta 3,118,32.2,si,2,4
planta 3,119,32.5,no,0,4
planta 3,120,33,no,0,4
planta 3,121,33,no,0,4
planta 3,122,33.1,no,0,4
planta 3,123,33.5,si,2,4
planta 3,124,33.5,si,4,4
planta 3,125,33.5,no,0,4
planta 3,126,33.7,no,0,4
planta 3,127,33.7,si,6,4
planta 3,128,34.1,si,6,4
planta 3,129,34.1,si,2,4
planta 3,130,34.2,no,0,4
planta 3,131,34.3,si,2,4
planta 3,132,34.3,no,0,4
planta 3,133,34.8,si,2,4
planta 3,134,34.9,si,2,4
planta 3,135,35.1,no,0,4
planta 3,136,35.3,no,0,4
planta 3,137,35.4,no,0,4
planta 3,138,35.9,no,0,4
planta 3,139,36,si,2,4
planta 3,140,36.2,no,0,4
planta 3,141,36.5,no,0,4
planta 3,142,36.6,si,4,4
planta 3,143,36.8,no,0,4
planta 3,144,37.1,no,0,4
planta 3,145,37.2,no,0,4
planta 3,146,37.2,si,2,4
planta 3,147,37.3,no,0,4
planta 3,148,37.3,si,6,4
planta 3,149,37.6,no,0,4
planta 3,150,37.6,no,0,4
planta 3,151,38.2,no,0,4
planta 3,152,38.2,no,0,4
planta 3,153,38.8,si,4,4
planta 3,154,39.1,no,0,4
planta 3,155,39.1,no,0,4
planta 3,156,39.6,no,0,4
planta 3,157,39.6,no,0,4
planta 3,158,39.9,no,0,4
planta 3,159,39.9,no,0,4
planta 3,160,40.1,si,4,5
planta 3,161,40.3,no,0,5
planta 3,162,40.4,si,2,5
planta 3,163,40.4,no,0,5
planta 3,164,40.5,si,2,5
planta 3,165,40.5,no,0,5
planta 3,166,40.6,si,8,5
planta 3,167,40.9,no,0,5
planta 3,168,41.2,si,4,5
planta 3,169,41.4,si,8,5
planta 3,170,41.4,no,0,5
planta 3,171,41.4,no,0,5
planta 3,172,41.6,si,4,5
planta 3,173,42,si,2,5
planta 3,174,42.6,no,0,5
planta 3,175,42.7,no,0,5
planta 3,176,42.8,no,0,5
planta 3,177,43.2,si,4,5
planta 3,178,43.8,no,0,5
planta 3,179,43.9,no,0,5
planta 3,180,44.1,no,0,5
planta 3,181,44.2,si,12,5
planta 3,182,44.3,si,4,5
planta 3,183,44.5,si,12,5
planta 3,184,44.7,si,4,5
planta 3,185,44.8,si,8,5
planta 3,186,45.2,si,4,5
planta 3,187,45.3,no,0,5
planta 3,188,45.5,si,8,5
planta 3,189,45.6,si,8,5
planta 3,190,45.8,si,4,5
planta 3,191,46.1,si,4,5
planta 3,192,46.4,no,0,5
planta 3,193,46.5,si,6,5
planta 3,194,46.6,no,0,5
planta 3,195,46.6,si,4,5
planta 3,196,46.7,no,0,5
planta 3,197,47,si,4,5
planta 3,198,47.1,si,8,5
planta 3,199,47.2,si,2,5
planta 3,200,47.3,si,4,5
planta 3,201,47.4,no,0,5
planta 3,202,47.4,no,0,5
planta 3,203,47.4,si,8,5
planta 3,204,47.5,no,0,5
planta 3,205,47.8,si,6,5
planta 3,206,47.8,si,6,5
planta 3,207,48,si,2,5
planta 3,208,48.1,si,2,5
planta 3,209,48.2,si,4,5
planta 3,210,48.2,si,4,5
planta 3,211,48.3,no,0,5
planta 3,212,48.4,no,0,5
planta 3,213,49.1,si,4,5
planta 3,214,49.1,si,6,5
planta 3,215,49.1,si,10,5
planta 3,216,49.2,si,10,5
planta 3,217,49.3,si,4,5
planta 3,218,49.4,si,12,5
planta 3,219,49.8,si,8,5
planta 3,220,50.1,si,2,6
planta 3,221,50.3,si,6,6
planta 3,222,50.4,no,0,6
planta 3,223,50.4,si,4,6
planta 3,224,50.8,no,0,6
planta 3,225,51,si,4,6
planta 3,226,51,si,4,6
planta 3,227,51.3,si,4,6
planta 3,228,51.6,si,4,6
planta 3,229,51.8,si,6,6
planta 3,230,52.6,si,4,6
planta 3,231,52.7,si,4,6
planta 3,232,52.9,no,0,6
planta 3,233,53.4,si,6,6
planta 3,234,53.8,si,10,6
planta 3,235,53.8,si,2,6
planta 3,236,54,no,0,6
planta 3,237,54,no,0,6
planta 3,238,54.4,si,8,6
planta 3,239,54.5,si,6,6
planta 3,240,54.8,si,8,6
planta 3,241,54.8,no,0,6
planta 3,242,54.9,si,4,6
planta 3,243,55,no,0,6
planta 3,244,55.1,si,2,6
planta 3,245,55.4,si,4,6
planta 3,246,55.8,si,2,6
planta 3,247,55.8,si,8,6
planta 3,248,56.1,no,0,6
planta 3,249,56.7,si,2,6
planta 3,250,56.7,si,10,6
planta 3,251,56.8,no,0,6
planta 3,252,57.1,si,14,6
planta 3,253,57.8,si,2,6
planta 3,254,58,si,6,6
planta 3,255,58,si,2,6
planta 3,256,58,si,8,6
planta 3,257,58.2,no,0,6
planta 3,258,58.4,si,8,6
planta 3,259,58.9,si,6,6
planta 3,260,59,si,14,6
planta 3,261,59.1,si,4,6
planta 3,262,59.1,no,0,6
planta 3,263,59.3,si,4,6
planta 3,264,59.6,si,2,6
planta 3,265,59.7,no,0,6
planta 3,266,59.7,si,6,6
planta 3,267,59.8,si,4,6
planta 3,268,59.9,si,2,6
planta 3,269,60,si,10,6
planta 3,270,60.2,si,4,7
planta 3,271,60.2,si,2,7
planta 3,272,60.5,si,2,7
planta 3,273,60.6,si,4,7
planta 3,274,60.7,no,0,7
planta 3,275,61,si,2,7
planta 3,276,61,si,8,7
planta 3,277,61.2,si,4,7
planta 3,278,61.3,si,4,7
planta 3,279,61.3,si,6,7
planta 3,280,61.6,si,6,7
planta 3,281,61.6,si,20,7
planta 3,282,61.7,si,6,7
planta 3,283,61.9,si,6,7
planta 3,284,61.9,si,10,7
planta 3,285,62.2,si,4,7
planta 3,286,62.2,no,0,7
planta 3,287,62.3,si,18,7
planta 3,288,62.4,si,12,7
planta 3,289,62.6,si,6,7
planta 3,290,62.9,si,4,7
planta 3,291,63.5,si,6,7
planta 3,292,63.6,si,28,7
planta 3,293,64,si,8,7
planta 3,294,64,si,6,7
planta 3,295,64,si,12,7
planta 3,296,64,si,4,7
planta 3,297,64.1,si,8,7
planta 3,298,64.2,si,5,7
planta 3,299,64.4,si,4,7
planta 3,300,64.4,si,6,7
planta 3,301,64.7,si,4,7
planta 3,302,64.7,no,0,7
planta 3,303,64.8,no,0,7
planta 3,304,65.5,no,0,7
planta 3,305,65.6,si,4,7
planta 3,306,65.8,si,8,7
planta 3,307,66.3,si,6,7
planta 3,308,66.5,si,4,7
planta 3,309,66.6,si,2,7
planta 3,310,66.7,si,8,7
planta 3,311,67.1,si,4,7
planta 3,312,67.2,no,0,7
planta 3,313,67.3,no,0,7
planta 3,314,67.5,si,12,7
planta 3,315,67.8,si,4,7
planta 3,316,68.1,si,4,7
planta 3,317,69.1,no,0,7
planta 3,318,69.7,si,8,7
planta 3,319,69.8,si,4,7
planta 3,320,69.9,si,16,7
planta 3,321,70,si,6,7
planta 3,322,70.2,si,4,8
planta 3,354,70.2,si,4,8
planta 3,323,70.5,no,0,8
planta 3,324,70.5,si,6,8
planta 3,355,70.5,no,4,8
planta 3,356,70.5,si,4,8
planta 3,325,70.7,no,0,8
planta 3,357,70.7,no,4,8
planta 3,326,71,si,8,8
planta 3,358,71,si,4,8
planta 3,327,71.6,si,12,8
planta 3,359,71.6,si,4,8
planta 3,328,72.4,si,12,8
planta 3,360,72.4,si,4,8
planta 3,329,73.2,no,0,8
planta 3,361,73.2,no,4,8
planta 3,330,75.4,si,2,8
planta 3,331,75.4,si,6,8
planta 3,362,75.4,si,4,8
planta 3,363,75.4,si,4,8
planta 3,332,76.5,si,6,8
planta 3,364,76.5,si,4,8
planta 3,333,77.9,si,12,8
planta 3,365,77.9,si,4,8
planta 3,334,78.1,si,4,8
planta 3,366,78.1,si,4,8
planta 3,335,78.4,si,6,8
planta 3,367,78.4,si,4,8
planta 3,336,78.6,si,2,8
planta 3,368,78.6,si,4,8
planta 3,337,78.8,si,12,8
planta 3,338,78.8,si,4,8
planta 3,369,78.8,si,4,8
planta 3,370,78.8,si,4,8
planta 3,339,79.8,si,12,8
planta 3,371,79.8,si,4,8
planta 3,340,80.3,si,4,9
planta 3,372,80.3,si,4,9
planta 3,341,80.8,si,6,9
planta 3,373,80.8,si,4,9
planta 3,342,81.6,si,8,9
planta 3,374,81.6,si,5,9
planta 3,343,81.8,si,10,9
planta 3,375,81.8,si,5,9
planta 3,344,83.5,si,6,9
planta 3,376,83.5,si,5,9
planta 3,345,83.6,si,12,9
planta 3,377,83.6,si,5,9
planta 3,346,83.7,si,6,9
planta 3,378,83.7,si,5,9
planta 3,347,84.1,si,8,9
planta 3,379,84.1,si,5,9
planta 3,348,85,si,8,9
planta 3,380,85,si,5,9
planta 3,349,85.1,si,8,9
planta 3,381,85.1,si,5,9
planta 3,350,90.2,si,4,10
planta 3,382,90.2,si,5,10
planta 3,351,98.6,si,16,10
planta 3,383,98.6,si,5,10
planta 3,352,104,si,6,10
planta 3,384,104,si,6,10
planta 3,353,106.1,si,4,10
planta 3,385,106.1,si,6,10
planta 4,111,1,no,0,1
planta 4,221,1.1,no,0,1
planta 4,267,1.4,no,0,1
planta 4,152,2.5,no,0,1
planta 4,227,2.7,no,0,1
planta 4,270,3,no,0,1
planta 4,272,3,no,0,1
planta 4,116,3.1,no,0,1
planta 4,314,3.1,no,0,1
planta 4,231,3.7,no,0,1
planta 4,211,3.9,no,0,1
planta 4,210,4,no,0,1
planta 4,147,4.1,no,0,1
planta 4,149,4.1,no,0,1
planta 4,312,4.21,no,0,1
planta 4,137,4.5,no,0,1
planta 4,180,4.6,no,0,1
planta 4,146,4.8,no,0,1
planta 4,311,4.81,no,0,1
planta 4,309,4.98,no,0,1
planta 4,265,5,no,0,1
planta 4,266,5.3,no,0,1
planta 4,94,5.35,no,0,1
planta 4,148,5.5,no,0,1
planta 4,308,5.51,no,0,1
planta 4,306,5.53,no,0,1
planta 4,138,5.6,no,0,1
planta 4,255,5.8,no,0,1
planta 4,256,5.8,no,0,1
planta 4,135,6,no,0,1
planta 4,151,6.1,no,0,1
planta 4,153,6.1,no,0,1
planta 4,155,6.1,no,0,1
planta 4,264,6.3,no,0,1
planta 4,307,6.3,no,0,1
planta 4,249,6.5,no,0,1
planta 4,251,6.5,no,0,1
planta 4,259,6.64,no,0,1
planta 4,313,6.8,no,0,1
planta 4,302,7,no,0,1
planta 4,303,7,no,0,1
planta 4,107,7.1,no,0,1
planta 4,165,7.5,no,0,1
planta 4,301,7.59,no,0,1
planta 4,143,7.6,no,0,1
planta 4,92,7.63,no,0,1
planta 4,258,8.1,no,0,1
planta 4,219,8.17,no,0,1
planta 4,157,8.46,no,0,1
planta 4,132,8.6,no,0,1
planta 4,113,8.83,no,0,1
planta 4,233,8.98,no,0,1
planta 4,236,9.02,no,0,1
planta 4,90,9.2,no,0,1
planta 4,166,9.3,no,0,1
planta 4,150,9.4,no,0,1
planta 4,262,9.4,no,0,1
planta 4,134,9.5,no,0,1
planta 4,131,9.6,no,0,1
planta 4,257,9.87,no,0,1
planta 4,136,10,no,0,1
planta 4,315,10.2,no,0,2
planta 4,209,10.27,no,0,2
planta 4,154,10.3,no,0,2
planta 4,263,10.35,no,0,2
planta 4,268,10.42,no,0,2
planta 4,89,10.56,no,0,2
planta 4,93,10.6,no,0,2
planta 4,230,10.63,no,0,2
planta 4,167,10.8,no,0,2
planta 4,141,10.93,no,0,2
planta 4,215,11.2,no,0,2
planta 4,305,11.22,no,0,2
planta 4,274,11.23,no,0,2
planta 4,159,11.28,no,0,2
planta 4,261,11.34,no,0,2
planta 4,260,11.4,no,0,2
planta 4,108,11.7,no,0,2
planta 4,205,12.39,no,0,2
planta 4,88,12.4,no,0,2
planta 4,203,12.4,no,0,2
planta 4,168,13,no,0,2
planta 4,130,13.4,no,0,2
planta 4,228,13.41,no,0,2
planta 4,245,13.6,no,0,2
planta 4,299,14,no,0,2
planta 4,241,14.09,no,0,2
planta 4,243,14.09,no,0,2
planta 4,71,14.38,no,0,2
planta 4,232,14.67,no,0,2
planta 4,235,14.8,no,0,2
planta 4,222,14.9,no,0,2
planta 4,310,15,no,0,2
planta 4,204,15.01,no,0,2
planta 4,284,15.19,no,0,2
planta 4,110,15.2,no,0,2
planta 4,295,15.2,no,0,2
planta 4,217,15.48,no,0,2
planta 4,38,15.9,no,0,2
planta 4,206,16.1,no,0,2
planta 4,142,16.2,no,0,2
planta 4,252,16.33,no,0,2
planta 4,133,16.66,no,0,2
planta 4,207,16.75,no,0,2
planta 4,192,16.85,no,0,2
planta 4,91,17,no,0,2
planta 4,283,17.13,no,0,2
planta 4,220,17.24,no,0,2
planta 4,22,17.9,no,0,2
planta 4,273,18.3,no,0,2
planta 4,112,18.9,no,0,2
planta 4,237,18.9,no,0,2
planta 4,114,19.04,no,0,2
planta 4,34,19.3,no,0,2
planta 4,129,19.3,no,0,2
planta 4,70,19.6,no,0,2
planta 4,78,19.69,no,0,2
planta 4,139,19.78,no,0,2
planta 4,250,19.8,no,0,2
planta 4,244,20,no,0,2
planta 4,68,20.02,no,0,3
planta 4,69,20.02,no,0,3
planta 4,125,20.44,no,0,3
planta 4,297,21,no,0,3
planta 4,117,21.4,no,0,3
planta 4,234,21.4,no,0,3
planta 4,87,21.98,no,0,3
planta 4,208,22.1,no,0,3
planta 4,106,22.3,no,0,3
planta 4,177,22.64,no,0,3
planta 4,229,23.42,no,0,3
planta 4,156,23.43,no,0,3
planta 4,276,23.5,no,0,3
planta 4,7,24.4,no,0,3
planta 4,253,24.87,no,0,3
planta 4,175,25,no,0,3
planta 4,20,25.3,no,0,3
planta 4,105,25.36,no,0,3
planta 4,115,26.58,no,0,3
planta 4,118,26.58,no,0,3
planta 4,66,26.9,no,0,3
planta 4,44,27.61,no,0,3
planta 4,45,27.62,no,0,3
planta 4,49,27.76,no,0,3
planta 4,140,28.3,no,0,3
planta 4,79,28.4,no,0,3
planta 4,247,28.4,no,0,3
planta 4,200,28.7,no,0,3
planta 4,67,29,no,0,3
planta 4,304,30.29,no,0,4
planta 4,289,30.42,no,0,4
planta 4,19,30.7,no,0,4
planta 4,269,30.7,no,0,4
planta 4,2,30.85,no,0,4
planta 4,75,31.65,no,0,4
planta 4,199,31.9,no,0,4
planta 4,291,32.04,no,0,4
planta 4,39,32.3,no,0,4
planta 4,120,32.86,no,0,4
planta 4,5,32.9,si,2,4
planta 4,290,33.03,no,0,4
planta 4,96,33.8,no,0,4
planta 4,43,33.9,no,0,4
planta 4,73,34.32,no,0,4
planta 4,169,34.6,si,1,4
planta 4,162,34.71,si,1,4
planta 4,84,35.1,no,0,4
planta 4,164,35.2,no,0,4
planta 4,197,35.55,no,0,4
planta 4,103,35.6,no,0,4
planta 4,275,35.85,no,0,4
planta 4,281,35.92,no,0,4
planta 4,33,36.2,no,0,4
planta 4,6,36.44,no,0,4
planta 4,104,36.6,no,0,4
planta 4,28,36.8,si,1,4
planta 4,240,37.02,no,0,4
planta 4,11,37.8,no,0,4
planta 4,238,37.8,no,0,4
planta 4,172,38.36,no,0,4
planta 4,158,38.5,no,0,4
planta 4,128,38.54,si,10,4
planta 4,126,38.56,si,6,4
planta 4,239,38.7,si,1,4
planta 4,178,39.4,si,2,4
planta 4,9,39.54,no,0,4
planta 4,36,39.83,si,2,4
planta 4,242,39.9,no,0,4
planta 4,285,40.4,si,5,5
planta 4,286,40.82,no,0,5
planta 4,99,40.9,si,3,5
planta 4,40,41.3,no,0,5
planta 4,182,41.5,no,0,5
planta 4,82,42,no,0,5
planta 4,145,42.1,si,10,5
planta 4,124,42.2,si,4,5
planta 4,21,42.6,no,0,5
planta 4,61,42.62,no,0,5
planta 4,288,43.29,no,0,5
planta 4,48,43.8,no,0,5
planta 4,173,43.8,si,6,5
planta 4,144,43.9,si,1,5
planta 4,17,44.18,no,0,5
planta 4,76,44.19,no,0,5
planta 4,170,44.3,si,6,5
planta 4,4,45.5,si,1,5
planta 4,97,45.5,si,3,5
planta 4,102,45.8,no,0,5
planta 4,216,45.87,si,3,5
planta 4,282,46.6,no,0,5
planta 4,41,46.8,no,0,5
planta 4,95,47,si,5,5
planta 4,292,47,si,3,5
planta 4,53,47.26,no,0,5
planta 4,46,48.6,si,4,5
planta 4,14,48.7,si,4,5
planta 4,190,48.72,no,0,5
planta 4,32,48.8,si,1,5
planta 4,224,49.29,si,8,5
planta 4,15,49.45,no,0,5
planta 4,65,49.52,no,0,5
planta 4,109,49.55,si,4,5
planta 4,26,49.6,no,0,5
planta 4,254,49.7,si,5,5
planta 4,185,49.79,no,0,5
planta 4,16,50.3,si,1,6
planta 4,72,50.5,si,1,6
planta 4,59,50.56,no,0,6
planta 4,12,50.6,no,0,6
planta 4,202,50.6,si,2,6
planta 4,23,50.74,si,6,6
planta 4,278,51.22,no,0,6
planta 4,280,51.23,no,0,6
planta 4,212,52.83,no,0,6
planta 4,58,52.89,no,0,6
planta 4,121,53.27,si,3,6
planta 4,226,53.8,si,1,6
planta 4,13,53.84,si,4,6
planta 4,85,54.54,no,0,6
planta 4,119,54.8,si,2,6
planta 4,10,55.2,si,2,6
planta 4,25,55.2,si,3,6
planta 4,62,55.3,si,1,6
planta 4,298,55.43,si,2,6
planta 4,127,55.5,no,0,6
planta 4,77,55.9,no,0,6
planta 4,57,56.2,no,0,6
planta 4,163,56.21,si,2,6
planta 4,63,56.45,no,0,6
planta 4,223,56.56,si,5,6
planta 4,37,56.8,si,4,6
planta 4,122,57.7,no,0,6
planta 4,18,58.1,si,1,6
planta 4,55,58.34,no,0,6
planta 4,30,58.74,si,4,6
planta 4,160,59.75,si,11,6
planta 4,83,59.82,no,0,6
planta 4,195,59.9,si,1,6
planta 4,174,60.6,si,9,7
planta 4,3,61.2,si,2,7
planta 4,213,61.6,si,4,7
planta 4,218,62.3,si,5,7
planta 4,100,62.82,no,0,7
planta 4,183,62.99,si,2,7
planta 4,42,63.4,si,5,7
planta 4,123,63.8,si,5,7
planta 4,98,63.81,si,5,7
planta 4,81,64.36,si,2,7
planta 4,246,64.45,si,8,7
planta 4,184,64.65,si,6,7
planta 4,179,65.63,si,2,7
planta 4,181,65.65,si,28,7
planta 4,31,65.8,si,5,7
planta 4,80,65.9,si,9,7
planta 4,27,66,no,0,7
planta 4,187,67.14,si,9,7
planta 4,86,67.3,si,3,7
planta 4,24,68.2,si,2,7
planta 4,101,69.6,no,0,7
planta 4,196,69.9,si,2,7
planta 4,47,70.26,si,2,8
planta 4,193,70.4,si,4,8
planta 4,198,70.7,si,1,8
planta 4,64,70.8,si,4,8
planta 4,51,71.96,si,7,8
planta 4,52,71.97,si,5,8
planta 4,188,73.33,si,11,8
planta 4,279,73.8,si,11,8
planta 4,248,74.14,si,2,8
planta 4,300,74.8,si,7,8
planta 4,29,75.2,no,0,8
planta 4,214,75.46,no,0,8
planta 4,277,77.14,si,2,8
planta 4,1,79,si,1,8
planta 4,50,79.3,no,0,8
planta 4,171,79.5,si,15,8
planta 4,194,79.72,si,1,8
planta 4,54,80,si,4,8
planta 4,60,80.3,si,3,9
planta 4,296,81.2,si,4,9
planta 4,294,81.28,si,4,9
planta 4,201,83.14,si,18,9
planta 4,8,84.5,si,9,9
planta 4,176,86.82,si,4,9
planta 4,293,86.83,no,0,9
planta 4,189,87.3,si,2,9
planta 4,225,87.8,si,8,9
planta 4,186,90,si,18,9
planta 4,74,90.9,si,7,10
planta 4,271,93.19,si,1,10
planta 4,161,98.2,si,13,10
planta 4,35,98.6,si,6,10
planta 4,287,102.2,si,11,10
planta 4,56,107.2,si,3,10
planta 4,191,116.1,no,0,10
planta 5,62,3.6,no,0,1
planta 5,152,4.8,no,0,1
planta 5,61,5.4,no,0,1
planta 5,67,6,no,0,1
planta 5,155,6.4,no,0,1
planta 5,172,7,no,0,1
planta 5,51,7.2,no,0,1
planta 5,37,7.3,no,0,1
planta 5,31,7.4,no,0,1
planta 5,146,7.4,no,0,1
planta 5,211,7.5,no,0,1
planta 5,40,7.6,no,0,1
planta 5,80,8,no,0,1
planta 5,213,8,no,0,1
planta 5,212,8.1,no,0,1
planta 5,64,8.2,no,0,1
planta 5,66,8.2,no,0,1
planta 5,68,8.2,no,0,1
planta 5,78,8.2,no,0,1
planta 5,33,8.3,no,0,1
planta 5,151,8.3,no,0,1
planta 5,153,8.5,no,0,1
planta 5,257,8.5,no,0,1
planta 5,260,8.5,no,0,1
planta 5,149,8.7,no,0,1
planta 5,156,8.8,no,0,1
planta 5,63,8.9,no,0,1
planta 5,77,9,no,0,1
planta 5,142,9.3,no,0,1
planta 5,36,9.4,no,0,1
planta 5,314,9.4,no,0,1
planta 5,144,9.5,no,0,1
planta 5,215,9.5,no,0,1
planta 5,150,9.7,no,0,1
planta 5,39,9.8,no,0,1
planta 5,141,9.8,no,0,1
planta 5,255,9.8,no,0,1
planta 5,312,9.8,no,0,1
planta 5,148,9.9,no,0,1
planta 5,315,9.9,no,0,1
planta 5,196,10.16,no,0,2
planta 5,5,10.2,no,0,2
planta 5,147,10.3,no,0,2
planta 5,214,10.3,no,0,2
planta 5,124,10.4,no,0,2
planta 5,233,10.4,no,0,2
planta 5,311,10.4,no,0,2
planta 5,137,10.5,no,0,2
planta 5,158,10.6,no,0,2
planta 5,302,10.7,no,0,2
planta 5,53,10.8,no,0,2
planta 5,237,10.8,no,0,2
planta 5,7,11.1,no,0,2
planta 5,174,11.1,no,0,2
planta 5,308,11.1,no,0,2
planta 5,171,11.4,no,0,2
planta 5,249,11.4,no,0,2
planta 5,313,11.6,no,0,2
planta 5,34,11.7,no,0,2
planta 5,143,11.7,no,0,2
planta 5,194,11.7,no,0,2
planta 5,232,11.7,no,0,2
planta 5,245,11.7,no,0,2
planta 5,310,11.7,no,0,2
planta 5,138,11.8,no,0,2
planta 5,139,11.8,no,0,2
planta 5,38,11.9,no,0,2
planta 5,286,11.9,no,0,2
planta 5,32,12,no,0,2
planta 5,81,12,no,0,2
planta 5,236,12.1,no,0,2
planta 5,169,12.3,no,0,2
planta 5,28,12.4,no,0,2
planta 5,316,12.4,no,0,2
planta 5,318,12.4,no,0,2
planta 5,160,12.5,no,0,2
planta 5,65,12.6,no,0,2
planta 5,247,12.6,no,0,2
planta 5,251,12.7,no,0,2
planta 5,254,13,no,0,2
planta 5,161,13.1,no,0,2
planta 5,309,13.3,no,0,2
planta 5,145,13.4,no,0,2
planta 5,306,13.4,no,0,2
planta 5,192,13.6,no,0,2
planta 5,235,13.7,no,0,2
planta 5,307,13.7,no,0,2
planta 5,230,13.8,si,3,2
planta 5,136,14,no,0,2
planta 5,49,14.1,no,0,2
planta 5,317,14.1,no,0,2
planta 5,319,14.1,no,0,2
planta 5,135,14.2,no,0,2
planta 5,4,14.4,no,0,2
planta 5,221,14.53,no,0,2
planta 5,134,14.9,no,0,2
planta 5,45,15.1,no,0,2
planta 5,299,15.1,no,0,2
planta 5,55,15.2,no,0,2
planta 5,280,15.5,no,0,2
planta 5,96,15.6,no,0,2
planta 5,287,15.7,no,0,2
planta 5,76,15.9,no,0,2
planta 5,140,16.4,no,0,2
planta 5,35,16.6,no,0,2
planta 5,269,16.6,no,0,2
planta 5,52,16.7,no,0,2
planta 5,234,16.8,no,0,2
planta 5,284,16.8,no,0,2
planta 5,294,16.8,no,0,2
planta 5,298,16.8,no,0,2
planta 5,30,17.2,no,0,2
planta 5,168,17.2,no,0,2
planta 5,291,17.3,no,0,2
planta 5,24,17.5,no,0,2
planta 5,228,17.5,no,0,2
planta 5,122,17.6,no,0,2
planta 5,131,17.9,no,0,2
planta 5,48,18,no,0,2
planta 5,79,18,no,0,2
planta 5,170,18.2,no,0,2
planta 5,277,18.2,no,0,2
planta 5,305,18.2,si,3,2
planta 5,29,18.3,no,0,2
planta 5,264,18.3,no,0,2
planta 5,100,18.5,no,0,2
planta 5,69,18.7,no,0,2
planta 5,289,18.7,no,0,2
planta 5,285,18.8,no,0,2
planta 5,44,18.9,no,0,2
planta 5,99,19.3,no,0,2
planta 5,9,19.6,no,0,2
planta 5,128,19.8,si,2,2
planta 5,188,19.8,no,0,2
planta 5,295,20.2,no,0,3
planta 5,244,20.4,no,0,3
planta 5,292,20.8,no,0,3
planta 5,58,20.9,no,0,3
planta 5,173,21.1,no,0,3
planta 5,54,21.2,no,0,3
planta 5,217,21.2,no,0,3
planta 5,283,21.5,no,0,3
planta 5,56,21.6,no,0,3
planta 5,59,21.7,no,0,3
planta 5,241,21.8,no,0,3
planta 5,282,22,no,0,3
planta 5,26,22.1,no,0,3
planta 5,12,22.2,no,0,3
planta 5,6,22.3,no,0,3
planta 5,225,22.6,no,0,3
planta 5,239,22.8,no,0,3
planta 5,8,22.9,no,0,3
planta 5,104,23,no,0,3
planta 5,2,23.1,no,0,3
planta 5,47,23.2,no,0,3
planta 5,22,23.3,no,0,3
planta 5,304,23.5,no,0,3
planta 5,50,23.6,no,0,3
planta 5,164,23.8,no,0,3
planta 5,190,24.1,si,2,3
planta 5,70,24.2,no,0,3
planta 5,275,24.5,si,1,3
planta 5,261,24.6,no,0,3
planta 5,270,24.6,no,0,3
planta 5,106,24.8,no,0,3
planta 5,133,24.9,no,0,3
planta 5,115,25.3,si,3,3
planta 5,13,25.4,no,0,3
planta 5,202,25.8,no,0,3
planta 5,87,26,no,0,3
planta 5,224,26.2,no,0,3
planta 5,240,26.5,no,0,3
planta 5,265,26.6,no,0,3
planta 5,272,26.6,si,4,3
planta 5,1,26.7,no,0,3
planta 5,167,27,no,0,3
planta 5,242,27.2,no,0,3
planta 5,259,27.2,no,0,3
planta 5,210,27.3,no,0,3
planta 5,95,27.4,si,1,3
planta 5,303,27.4,no,0,3
planta 5,10,27.6,no,0,3
planta 5,281,28,no,0,3
planta 5,23,28.1,no,0,3
planta 5,46,28.1,no,0,3
planta 5,243,28.1,no,0,3
planta 5,3,28.6,no,0,3
planta 5,92,28.6,no,0,3
planta 5,20,28.7,no,0,3
planta 5,27,28.7,no,0,3
planta 5,11,28.9,no,0,3
planta 5,60,29.2,no,0,3
planta 5,57,29.3,no,0,3
planta 5,123,29.4,si,7,3
planta 5,268,29.5,no,0,3
planta 5,201,29.6,no,0,3
planta 5,18,29.9,no,0,3
planta 5,116,30,si,1,3
planta 5,296,30.3,no,0,4
planta 5,238,30.5,no,0,4
planta 5,191,30.6,no,0,4
planta 5,276,30.6,no,0,4
planta 5,15,30.7,si,2,4
planta 5,165,31,no,0,4
planta 5,301,31.2,no,0,4
planta 5,94,31.4,no,0,4
planta 5,74,31.7,no,0,4
planta 5,126,31.9,no,0,4
planta 5,114,33.1,si,4,4
planta 5,177,33.5,no,0,4
planta 5,186,33.5,si,1,4
planta 5,121,34,si,9,4
planta 5,110,34.4,no,0,4
planta 5,14,34.5,no,0,4
planta 5,43,34.5,no,0,4
planta 5,183,34.5,si,2,4
planta 5,108,34.6,si,1,4
planta 5,248,35.4,si,8,4
planta 5,91,35.5,no,0,4
planta 5,17,35.7,no,0,4
planta 5,129,35.7,si,2,4
planta 5,198,35.8,si,10,4
planta 5,262,36,si,11,4
planta 5,112,36.2,si,1,4
planta 5,42,36.6,si,4,4
planta 5,93,36.6,si,4,4
planta 5,21,36.8,no,0,4
planta 5,75,37,si,4,4
planta 5,117,37.2,si,2,4
planta 5,279,37.3,no,0,4
planta 5,258,37.5,si,3,4
planta 5,103,38.1,no,0,4
planta 5,187,38.1,si,3,4
planta 5,159,39.1,si,4,4
planta 5,16,39.3,si,2,4
planta 5,266,39.7,no,0,4
planta 5,300,39.7,no,0,4
planta 5,219,40.9,si,11,5
planta 5,73,41.1,si,2,5
planta 5,181,41.4,si,6,5
planta 5,189,41.4,si,2,5
planta 5,72,41.6,si,12,5
planta 5,195,41.7,no,0,5
planta 5,163,41.9,si,6,5
planta 5,218,41.9,si,4,5
planta 5,111,42,si,4,5
planta 5,226,42.1,no,0,5
planta 5,184,42.2,no,0,5
planta 5,19,42.5,si,5,5
planta 5,132,42.8,no,0,5
planta 5,193,43,si,12,5
planta 5,89,43.2,no,0,5
planta 5,71,43.4,si,6,5
planta 5,278,44.9,no,0,5
planta 5,290,45.4,si,16,5
planta 5,209,46.1,si,3,5
planta 5,274,46.7,no,0,5
planta 5,250,46.9,no,0,5
planta 5,109,47,no,0,5
planta 5,113,47.8,si,4,5
planta 5,271,48.2,si,5,5
planta 5,220,48.6,si,4,5
planta 5,205,49,si,5,5
planta 5,216,49.2,si,10,5
planta 5,178,49.5,si,3,5
planta 5,127,49.6,no,0,5
planta 5,97,49.9,si,1,5
planta 5,231,50,no,0,5
planta 5,199,50.2,si,7,6
planta 5,180,50.5,si,5,6
planta 5,88,50.6,si,6,6
planta 5,267,50.7,si,10,6
planta 5,293,51.2,si,2,6
planta 5,273,51.3,si,5,6
planta 5,203,51.7,si,8,6
planta 5,256,51.7,si,8,6
planta 5,288,52.1,si,7,6
planta 5,157,52.8,si,24,6
planta 5,208,54,si,14,6
planta 5,176,54.4,si,9,6
planta 5,207,55.2,si,5,6
planta 5,263,55.5,si,11,6
planta 5,162,56,si,26,6
planta 5,166,56.4,si,5,6
planta 5,105,56.5,si,3,6
planta 5,107,57,si,16,6
planta 5,253,58.4,si,4,6
planta 5,182,58.5,si,18,6
planta 5,130,59.3,si,18,6
planta 5,227,59.3,si,6,6
planta 5,222,59.4,si,16,6
planta 5,185,59.5,si,26,6
planta 5,83,59.7,si,4,6
planta 5,25,60.5,si,2,7
planta 5,98,61.5,si,21,7
planta 5,246,62.1,si,16,7
planta 5,102,63.4,si,7,7
planta 5,86,64.5,si,11,7
planta 5,101,64.5,si,9,7
planta 5,82,65.1,si,19,7
planta 5,200,66.3,si,9,7
planta 5,297,66.6,si,11,7
planta 5,252,68,si,10,7
planta 5,90,68.1,si,13,7
planta 5,179,68.5,si,30,7
planta 5,120,68.7,si,5,7
planta 5,223,68.9,si,28,7
planta 5,118,69.5,si,20,7
planta 5,175,69.9,si,16,7
planta 5,154,70,si,22,7
planta 5,125,70.5,si,14,8
planta 5,84,71.7,si,20,8
planta 5,85,72.4,si,11,8
planta 5,119,75.8,si,3,8
planta 5,204,76.4,si,6,8
planta 5,41,77,si,14,8
planta 5,197,82.7,si,20,9
planta 5,206,83.3,si,30,9
planta 5,229,90,si,34,9
planta 6,68,2.56,no,0,1
planta 6,26,4.93,no,0,1
planta 6,8,5.52,no,0,1
planta 6,6,5.9,no,0,1
planta 6,37,6.05,no,0,1
planta 6,67,6.19,no,0,1
planta 6,2,6.34,no,0,1
planta 6,53,6.35,no,0,1
planta 6,22,6.5,no,0,1
planta 6,36,6.84,no,0,1
planta 6,58,7.16,no,0,1
planta 6,69,7.2,no,0,1
planta 6,42,7.24,no,0,1
planta 6,23,7.31,no,0,1
planta 6,30,7.5,no,0,1
planta 6,33,7.55,no,0,1
planta 6,32,7.66,no,0,1
planta 6,66,7.76,no,0,1
planta 6,24,7.79,no,0,1
planta 6,39,8.05,no,0,1
planta 6,28,8.11,no,0,1
planta 6,70,8.35,no,0,1
planta 6,17,8.5,no,0,1
planta 6,41,8.67,no,0,1
planta 6,25,9.03,no,0,1
planta 6,27,9.03,no,0,1
planta 6,64,9.29,no,0,1
planta 6,9,9.66,no,0,1
planta 6,38,9.72,no,0,1
planta 6,60,9.93,no,0,1
planta 6,57,9.94,no,0,1
planta 6,43,9.98,no,0,1
planta 6,71,10.01,no,0,2
planta 6,10,10.13,no,0,2
planta 6,55,10.19,no,0,2
planta 6,4,10.32,no,0,2
planta 6,29,10.4,no,0,2
planta 6,31,11.76,no,0,2
planta 6,15,11.84,no,0,2
planta 6,59,11.92,no,0,2
planta 6,35,11.98,no,0,2
planta 6,12,12.47,no,0,2
planta 6,18,12.63,no,0,2
planta 6,63,12.63,no,0,2
planta 6,21,12.73,no,0,2
planta 6,13,13.32,no,0,2
planta 6,65,13.48,no,0,2
planta 6,16,13.51,no,0,2
planta 6,14,14.14,no,0,2
planta 6,74,14.71,no,0,2
planta 6,3,14.72,no,0,2
planta 6,40,14.99,no,0,2
planta 6,48,14.99,no,0,2
planta 6,73,15.31,no,0,2
planta 6,19,15.76,no,0,2
planta 6,1,15.98,no,0,2
planta 6,20,16.42,no,0,2
planta 6,7,17.2,no,0,2
planta 6,11,17.82,no,0,2
planta 6,61,18.01,no,0,2
planta 6,34,18.16,no,0,2
planta 6,62,18.41,no,0,2
planta 6,50,18.59,si,1,2
planta 6,72,19.91,no,0,2
planta 6,45,21.62,no,0,3
planta 6,5,24.03,no,0,3
planta 6,49,27.18,no,0,3
planta 6,47,29.56,no,0,3
planta 6,54,40.2,no,0,5
planta 6,51,41.76,no,0,5
planta 6,56,44.68,no,0,5
planta 6,46,49.79,si,2,5
planta 6,44,57.29,si,14,6
planta 6,52,76.68,si,8,8
planta 7 ,2,2.2,no,0,1
planta 7 ,8,3.35,no,0,1
planta 7 ,37,3.92,no,0,1
planta 7 ,41,4.61,no,0,1
planta 7 ,9,5.32,no,0,1
planta 7 ,4,5.58,no,0,1
planta 7 ,36,5.64,no,0,1
planta 7 ,22,5.77,no,0,1
planta 7 ,42,5.78,no,0,1
planta 7 ,32,6.35,no,0,1
planta 7 ,43,6.59,no,0,1
planta 7 ,10,6.66,no,0,1
planta 7 ,31,6.87,no,0,1
planta 7 ,39,6.9,no,0,1
planta 7 ,33,7.18,no,0,1
planta 7 ,46,7.28,no,0,1
planta 7 ,40,7.63,no,0,1
planta 7 ,34,7.73,no,0,1
planta 7 ,5,7.78,no,0,1
planta 7 ,6,7.92,no,0,1
planta 7 ,19,7.92,no,0,1
planta 7 ,7,8.03,no,0,1
planta 7 ,28,8.51,no,0,1
planta 7 ,38,8.78,no,0,1
planta 7 ,12,8.82,no,0,1
planta 7 ,25,8.91,no,0,1
planta 7 ,50,9.06,no,0,1
planta 7 ,45,9.43,no,0,1
planta 7 ,11,10.13,no,0,2
planta 7 ,35,11.4,no,0,2
planta 7 ,13,11.41,no,0,2
planta 7 ,51,12.41,no,0,2
planta 7 ,16,12.6,no,0,2
planta 7 ,20,13.01,no,0,2
planta 7 ,21,13.91,no,0,2
planta 7 ,3,14.94,no,0,2
planta 7 ,44,15.06,no,0,2
planta 7 ,49,15.46,no,0,2
planta 7 ,30,16.84,no,0,2
planta 7 ,14,16.91,no,0,2
planta 7 ,23,20.24,no,0,3
planta 7 ,17,20.6,si,1,3
planta 7 ,18,21.3,no,0,3
planta 7 ,26,21.59,no,0,3
planta 7 ,29,22.13,no,0,3
planta 7 ,48,25.15,no,0,3
planta 7 ,24,27.94,no,0,3
planta 7 ,27,31.01,si,1,4
planta 7 ,15,40.32,si,1,5
planta 7 ,47,43.08,si,3,5
planta 7 ,1,45.72,no,0,5
planta 8,3,6.04,no,0,1
planta 8,9,7.5,no,0,1
planta 8,10,8.2,no,0,1
planta 8,8,8.21,no,0,1
planta 8,2,9.5,no,0,1
planta 8,4,11.53,no,0,2
planta 8,13,12.04,no,0,2
planta 8,5,12.28,no,0,2
planta 8,6,13.21,no,0,2
planta 8,14,13.73,no,0,2
planta 8,12,14.3,no,0,2
planta 8,1,19.22,no,0,2
planta 8,7,20.18,no,0,3
planta 8,11,41.97,no,0,5
planta 9,89,3.47,no,0,1
planta 9,306,3.9,no,0,1
planta 9,334,4.5,si,1,1
planta 9,299,4.74,no,0,1
planta 9,358,5,no,0,1
planta 9,309,5.23,no,0,1
planta 9,315,5.3,no,0,1
planta 9,320,5.3,no,0,1
planta 9,71,6.15,no,0,1
planta 9,58,6.46,no,0,1
planta 9,314,6.6,no,0,1
planta 9,353,6.7,no,0,1
planta 9,356,6.7,no,0,1
planta 9,285,7,no,0,1
planta 9,247,7.24,no,0,1
planta 9,289,7.3,no,0,1
planta 9,321,7.45,no,0,1
planta 9,248,7.5,no,0,1
planta 9,269,7.6,no,0,1
planta 9,300,7.78,no,0,1
planta 9,82,8.1,no,0,1
planta 9,85,8.12,no,0,1
planta 9,326,8.14,no,0,1
planta 9,59,8.5,no,0,1
planta 9,325,8.79,no,0,1
planta 9,344,9.1,no,0,1
planta 9,116,9.37,no,0,1
planta 9,322,9.4,no,0,1
planta 9,70,9.5,no,0,1
planta 9,284,9.6,no,0,1
planta 9,270,9.7,no,0,1
planta 9,359,9.74,no,0,1
planta 9,107,9.75,no,0,1
planta 9,264,9.79,no,0,1
planta 9,307,9.8,no,0,1
planta 9,68,9.86,no,0,1
planta 9,283,9.99,no,0,1
planta 9,95,10.14,no,0,2
planta 9,275,10.28,no,0,2
planta 9,277,10.28,no,0,2
planta 9,84,10.4,no,0,2
planta 9,319,10.4,no,0,2
planta 9,333,10.68,no,0,2
planta 9,25,10.71,no,0,2
planta 9,324,10.99,no,0,2
planta 9,298,11,no,0,2
planta 9,308,11,no,0,2
planta 9,342,11,no,0,2
planta 9,303,11.04,no,0,2
planta 9,26,11.12,no,0,2
planta 9,337,11.14,no,0,2
planta 9,357,11.19,no,0,2
planta 9,295,11.24,no,0,2
planta 9,318,11.5,no,0,2
planta 9,323,11.76,no,0,2
planta 9,66,11.96,no,0,2
planta 9,250,11.98,no,0,2
planta 9,305,12.1,no,0,2
planta 9,286,12.3,no,0,2
planta 9,287,12.4,no,0,2
planta 9,294,12.42,no,0,2
planta 9,74,12.6,no,0,2
planta 9,111,12.61,no,0,2
planta 9,78,13.3,no,0,2
planta 9,352,13.3,no,0,2
planta 9,282,13.5,no,0,2
planta 9,313,13.6,no,0,2
planta 9,302,13.7,no,0,2
planta 9,244,13.8,no,0,2
planta 9,163,13.85,no,0,2
planta 9,261,14.1,no,0,2
planta 9,332,14.1,no,0,2
planta 9,297,14.27,no,0,2
planta 9,312,14.51,no,0,2
planta 9,106,14.6,no,0,2
planta 9,316,14.6,no,0,2
planta 9,69,14.66,no,0,2
planta 9,67,14.8,no,0,2
planta 9,310,15.2,no,0,2
planta 9,51,15.27,no,0,2
planta 9,239,15.4,no,0,2
planta 9,246,15.4,no,0,2
planta 9,81,15.49,no,0,2
planta 9,245,15.56,no,0,2
planta 9,268,15.57,no,0,2
planta 9,242,15.93,no,0,2
planta 9,118,16,no,0,2
planta 9,79,16.01,no,0,2
planta 9,327,16.3,no,0,2
planta 9,88,16.6,no,0,2
planta 9,281,16.7,no,0,2
planta 9,360,16.97,no,0,2
planta 9,83,17.1,no,0,2
planta 9,22,17.3,no,0,2
planta 9,351,17.31,no,0,2
planta 9,267,17.4,no,0,2
planta 9,86,17.5,no,0,2
planta 9,361,17.7,no,0,2
planta 9,288,17.8,no,0,2
planta 9,311,18,no,0,2
planta 9,304,18.2,no,0,2
planta 9,263,18.5,no,0,2
planta 9,301,18.6,no,0,2
planta 9,265,19.2,no,0,2
planta 9,331,19.2,no,0,2
planta 9,170,19.44,no,0,2
planta 9,188,19.7,no,0,2
planta 9,180,19.8,no,0,2
planta 9,80,19.9,no,0,2
planta 9,257,19.92,no,0,2
planta 9,76,20,no,0,2
planta 9,355,20.1,no,0,3
planta 9,11,20.13,si,8,3
planta 9,203,20.4,no,0,3
planta 9,125,20.52,no,0,3
planta 9,181,20.7,no,0,3
planta 9,182,20.8,no,0,3
planta 9,296,20.8,no,0,3
planta 9,47,21.29,no,0,3
planta 9,46,21.3,no,0,3
planta 9,115,21.3,no,0,3
planta 9,219,21.3,no,0,3
planta 9,317,21.3,no,0,3
planta 9,119,22.05,no,0,3
planta 9,33,22.1,no,0,3
planta 9,44,22.23,no,0,3
planta 9,87,22.3,no,0,3
planta 9,290,22.5,no,0,3
planta 9,278,22.6,no,0,3
planta 9,274,22.7,no,0,3
planta 9,241,22.9,no,0,3
planta 9,53,23.41,no,0,3
planta 9,61,23.5,no,0,3
planta 9,354,23.5,no,0,3
planta 9,15,23.6,no,0,3
planta 9,31,23.67,no,0,3
planta 9,122,24.2,no,0,3
planta 9,145,24.2,no,0,3
planta 9,350,24.74,no,0,3
planta 9,32,24.8,no,0,3
planta 9,276,25.1,no,0,3
planta 9,243,25.23,no,0,3
planta 9,238,25.34,no,0,3
planta 9,114,25.35,no,0,3
planta 9,240,25.4,no,0,3
planta 9,291,25.4,no,0,3
planta 9,258,25.63,no,0,3
planta 9,271,25.77,no,0,3
planta 9,237,26.29,no,0,3
planta 9,64,26.33,no,0,3
planta 9,341,26.4,no,0,3
planta 9,330,26.55,no,0,3
planta 9,144,26.7,no,0,3
planta 9,207,26.8,no,0,3
planta 9,249,27.1,no,0,3
planta 9,162,27.4,no,0,3
planta 9,251,27.4,no,0,3
planta 9,142,27.5,no,0,3
planta 9,168,27.6,no,0,3
planta 9,235,27.65,no,0,3
planta 9,60,27.79,no,0,3
planta 9,56,28.33,no,0,3
planta 9,169,29.2,no,0,3
planta 9,339,29.2,no,0,3
planta 9,329,29.9,no,0,3
planta 9,100,30,no,0,3
planta 9,120,30,no,0,3
planta 9,293,30.2,no,0,4
planta 9,273,30.4,no,0,4
planta 9,99,30.51,no,0,4
planta 9,65,30.6,no,0,4
planta 9,40,30.7,no,0,4
planta 9,105,30.7,no,0,4
planta 9,252,30.8,si,1,4
planta 9,3,30.9,no,0,4
planta 9,104,31,no,0,4
planta 9,42,31.2,no,0,4
planta 9,260,31.2,no,0,4
planta 9,220,31.23,no,0,4
planta 9,196,31.43,no,0,4
planta 9,54,31.49,no,0,4
planta 9,206,31.7,no,0,4
planta 9,328,31.72,no,0,4
planta 9,167,32.3,no,0,4
planta 9,193,32.4,no,0,4
planta 9,194,32.51,no,0,4
planta 9,4,33.1,no,0,4
planta 9,292,33.25,no,0,4
planta 9,164,33.3,si,5,4
planta 9,57,33.5,no,0,4
planta 9,213,33.65,no,0,4
planta 9,62,33.67,no,0,4
planta 9,108,33.8,no,0,4
planta 9,225,33.83,no,0,4
planta 9,189,33.89,no,0,4
planta 9,35,33.93,no,0,4
planta 9,195,34.09,no,0,4
planta 9,75,34.23,no,0,4
planta 9,77,34.23,no,0,4
planta 9,335,34.4,no,0,4
planta 9,7,34.7,no,0,4
planta 9,266,34.7,no,0,4
planta 9,63,34.9,no,0,4
planta 9,48,35.02,no,0,4
planta 9,259,35.2,no,0,4
planta 9,39,35.27,no,0,4
planta 9,280,35.51,no,0,4
planta 9,223,35.7,no,0,4
planta 9,38,36.3,no,0,4
planta 9,256,36.3,no,0,4
planta 9,128,36.4,no,0,4
planta 9,340,36.4,no,0,4
planta 9,191,36.57,no,0,4
planta 9,98,36.6,no,0,4
planta 9,20,37,no,0,4
planta 9,166,37.3,no,0,4
planta 9,6,37.6,si,1,4
planta 9,151,38.1,no,0,4
planta 9,192,38.2,no,0,4
planta 9,9,38.3,no,0,4
planta 9,204,38.36,no,0,4
planta 9,73,38.99,no,0,4
planta 9,272,39.39,si,1,4
planta 9,159,39.52,no,0,4
planta 9,215,39.8,no,0,4
planta 9,34,40.23,si,2,5
planta 9,338,40.24,no,0,5
planta 9,123,40.25,no,0,5
planta 9,202,40.31,no,0,5
planta 9,12,40.6,no,0,5
planta 9,97,40.6,si,2,5
planta 9,161,41.1,no,0,5
planta 9,346,41.44,no,0,5
planta 9,132,42.15,si,11,5
planta 9,146,42.2,si,2,5
planta 9,102,42.29,si,2,5
planta 9,253,43.1,si,2,5
planta 9,234,43.29,no,0,5
planta 9,5,43.37,si,4,5
planta 9,121,44.15,si,2,5
planta 9,134,44.5,no,0,5
planta 9,348,46.2,no,0,5
planta 9,101,46.64,si,1,5
planta 9,236,47,si,3,5
planta 9,187,47.79,no,0,5
planta 9,262,47.89,no,0,5
planta 9,185,48.06,no,0,5
planta 9,343,48.44,no,0,5
planta 9,21,48.55,si,5,5
planta 9,19,48.83,no,0,5
planta 9,214,49,no,0,5
planta 9,29,49.3,no,0,5
planta 9,155,49.67,si,9,5
planta 9,127,49.82,no,0,5
planta 9,158,49.9,no,0,5
planta 9,279,50.1,si,2,6
planta 9,347,50.8,si,3,6
planta 9,175,51.43,no,0,6
planta 9,255,51.75,si,4,6
planta 9,186,52.2,si,1,6
planta 9,183,52.43,si,4,6
planta 9,345,52.5,si,2,6
planta 9,117,52.8,no,0,6
planta 9,199,54,si,1,6
planta 9,113,54.8,no,0,6
planta 9,349,54.8,si,1,6
planta 9,93,54.96,no,0,6
planta 9,254,55.4,si,1,6
planta 9,224,55.5,si,1,6
planta 9,200,56.23,no,0,6
planta 9,160,56.33,no,0,6
planta 9,157,56.45,si,2,6
planta 9,232,56.54,si,10,6
planta 9,1,56.56,si,2,6
planta 9,27,56.6,no,0,6
planta 9,233,56.6,si,1,6
planta 9,16,56.7,no,0,6
planta 9,173,56.91,no,0,6
planta 9,190,57.5,si,4,6
planta 9,17,57.54,no,0,6
planta 9,124,57.7,si,2,6
planta 9,23,58.31,no,0,6
planta 9,52,59,si,2,6
planta 9,43,59.23,si,2,6
planta 9,211,60.1,si,4,7
planta 9,226,60.3,no,0,7
planta 9,218,60.5,si,4,7
planta 9,208,60.62,no,0,7
planta 9,126,60.8,si,3,7
planta 9,28,61.4,no,0,7
planta 9,149,61.6,si,2,7
planta 9,135,62.1,si,3,7
planta 9,8,62.47,si,3,7
planta 9,14,63,si,4,7
planta 9,210,63.1,si,3,7
planta 9,209,63.32,no,0,7
planta 9,152,63.84,si,4,7
planta 9,96,64,si,2,7
planta 9,103,64.2,si,3,7
planta 9,184,64.5,si,2,7
planta 9,55,65.1,si,3,7
planta 9,41,66.1,no,0,7
planta 9,72,66.4,si,2,7
planta 9,221,66.4,si,3,7
planta 9,131,66.9,si,1,7
planta 9,110,67,si,3,7
planta 9,228,67.1,si,3,7
planta 9,230,67.5,si,3,7
planta 9,205,67.58,si,4,7
planta 9,136,67.98,si,3,7
planta 9,24,68.7,no,0,7
planta 9,143,68.79,no,0,7
planta 9,227,69.5,no,0,7
planta 9,130,69.7,si,2,7
planta 9,30,69.8,no,2,7
planta 9,94,71,si,3,8
planta 9,179,71.66,si,5,8
planta 9,177,72.4,si,2,8
planta 9,147,72.7,si,4,8
planta 9,13,73.03,si,4,8
planta 9,229,73.6,si,2,8
planta 9,2,73.7,si,3,8
planta 9,36,74.5,si,3,8
planta 9,50,74.56,si,1,8
planta 9,10,74.8,si,8,8
planta 9,141,75.3,si,2,8
planta 9,153,75.4,si,1,8
planta 9,172,75.6,si,5,8
planta 9,154,76.57,si,4,8
planta 9,171,77.5,si,2,8
planta 9,178,77.8,si,5,8
planta 9,148,77.9,si,3,8
planta 9,133,78.2,si,3,8
planta 9,201,78.23,si,3,8
planta 9,37,78.64,si,1,8
planta 9,140,80.05,si,6,9
planta 9,217,80.36,no,0,9
planta 9,197,80.85,si,7,9
planta 9,137,81,si,1,9
planta 9,216,81.3,si,5,9
planta 9,138,81.96,no,0,9
planta 9,139,83.5,si,2,9
planta 9,222,83.5,si,3,9
planta 9,198,83.7,si,5,9
planta 9,231,84.2,si,3,9
planta 9,18,85.3,no,0,9
planta 9,129,85.4,si,3,9
planta 9,336,85.85,si,6,9
planta 9,150,87.38,si,3,9
planta 9,112,87.7,si,4,9
planta 9,165,87.7,no,0,9
planta 9,49,89.9,si,8,9
planta 9,156,92,si,5,10
planta 9,92,93.2,si,2,10
planta 9,176,93.6,si,4,10
planta 9,90,94.3,si,5,10
planta 9,212,97.7,si,4,10
planta 9,45,97.9,si,5,10
planta 9,109,98.54,si,6,10
planta 9,91,101.22,no,0,10
planta 9,174,113.04,si,4,10
